Country code,State,Postcode,City,Rate %,Tax name,Priority,Compound,Shipping,Tax class
US,NY,501,,8.63,NY00501,1,0,1,
US,NY,544,,8.63,NY00544,1,0,1,
US,NY,6390,,8.63,NY06390,1,0,1,
US,NY,10001,,8.88,NY10001,1,0,1,
US,NY,10002,,8.88,NY10002,1,0,1,
US,NY,10003,,8.88,NY10003,1,0,1,
US,NY,10004,,8.88,NY10004,1,0,1,
US,NY,10005,,8.88,NY10005,1,0,1,
US,NY,10006,,8.88,NY10006,1,0,1,
US,NY,10007,,8.88,NY10007,1,0,1,
US,NY,10008,,8.88,NY10008,1,0,1,
US,NY,10009,,8.88,NY10009,1,0,1,
US,NY,10010,,8.88,NY10010,1,0,1,
US,NY,10011,,8.88,NY10011,1,0,1,
US,NY,10012,,8.88,NY10012,1,0,1,
US,NY,10013,,8.88,NY10013,1,0,1,
US,NY,10014,,8.88,NY10014,1,0,1,
US,NY,10016,,8.88,NY10016,1,0,1,
US,NY,10017,,8.88,NY10017,1,0,1,
US,NY,10018,,8.88,NY10018,1,0,1,
US,NY,10019,,8.88,NY10019,1,0,1,
US,NY,10020,,8.88,NY10020,1,0,1,
US,NY,10021,,8.88,NY10021,1,0,1,
US,NY,10022,,8.88,NY10022,1,0,1,
US,NY,10023,,8.88,NY10023,1,0,1,
US,NY,10024,,8.88,NY10024,1,0,1,
US,NY,10025,,8.88,NY10025,1,0,1,
US,NY,10026,,8.88,NY10026,1,0,1,
US,NY,10027,,8.88,NY10027,1,0,1,
US,NY,10028,,8.88,NY10028,1,0,1,
US,NY,10029,,8.88,NY10029,1,0,1,
US,NY,10030,,8.88,NY10030,1,0,1,
US,NY,10031,,8.88,NY10031,1,0,1,
US,NY,10032,,8.88,NY10032,1,0,1,
US,NY,10033,,8.88,NY10033,1,0,1,
US,NY,10034,,8.88,NY10034,1,0,1,
US,NY,10035,,8.88,NY10035,1,0,1,
US,NY,10036,,8.88,NY10036,1,0,1,
US,NY,10037,,8.88,NY10037,1,0,1,
US,NY,10038,,8.88,NY10038,1,0,1,
US,NY,10039,,8.88,NY10039,1,0,1,
US,NY,10040,,8.88,NY10040,1,0,1,
US,NY,10041,,8.88,NY10041,1,0,1,
US,NY,10043,,8.88,NY10043,1,0,1,
US,NY,10044,,8.88,NY10044,1,0,1,
US,NY,10045,,8.88,NY10045,1,0,1,
US,NY,10055,,8.88,NY10055,1,0,1,
US,NY,10060,,8.88,NY10060,1,0,1,
US,NY,10065,,8.88,NY10065,1,0,1,
US,NY,10069,,8.88,NY10069,1,0,1,
US,NY,10075,,8.88,NY10075,1,0,1,
US,NY,10080,,8.88,NY10080,1,0,1,
US,NY,10081,,8.88,NY10081,1,0,1,
US,NY,10087,,8.88,NY10087,1,0,1,
US,NY,10090,,8.88,NY10090,1,0,1,
US,NY,10101,,8.88,NY10101,1,0,1,
US,NY,10102,,8.88,NY10102,1,0,1,
US,NY,10103,,8.88,NY10103,1,0,1,
US,NY,10104,,8.88,NY10104,1,0,1,
US,NY,10105,,8.88,NY10105,1,0,1,
US,NY,10106,,8.88,NY10106,1,0,1,
US,NY,10107,,8.88,NY10107,1,0,1,
US,NY,10108,,8.88,NY10108,1,0,1,
US,NY,10109,,8.88,NY10109,1,0,1,
US,NY,10110,,8.88,NY10110,1,0,1,
US,NY,10111,,8.88,NY10111,1,0,1,
US,NY,10112,,8.88,NY10112,1,0,1,
US,NY,10113,,8.88,NY10113,1,0,1,
US,NY,10114,,8.88,NY10114,1,0,1,
US,NY,10115,,8.88,NY10115,1,0,1,
US,NY,10116,,8.88,NY10116,1,0,1,
US,NY,10117,,8.88,NY10117,1,0,1,
US,NY,10118,,8.88,NY10118,1,0,1,
US,NY,10119,,8.88,NY10119,1,0,1,
US,NY,10120,,8.88,NY10120,1,0,1,
US,NY,10121,,8.88,NY10121,1,0,1,
US,NY,10122,,8.88,NY10122,1,0,1,
US,NY,10123,,8.88,NY10123,1,0,1,
US,NY,10124,,8.88,NY10124,1,0,1,
US,NY,10125,,8.88,NY10125,1,0,1,
US,NY,10126,,8.88,NY10126,1,0,1,
US,NY,10128,,8.88,NY10128,1,0,1,
US,NY,10129,,8.88,NY10129,1,0,1,
US,NY,10130,,8.88,NY10130,1,0,1,
US,NY,10131,,8.88,NY10131,1,0,1,
US,NY,10132,,8.88,NY10132,1,0,1,
US,NY,10133,,8.88,NY10133,1,0,1,
US,NY,10138,,8.88,NY10138,1,0,1,
US,NY,10150,,8.88,NY10150,1,0,1,
US,NY,10151,,8.88,NY10151,1,0,1,
US,NY,10152,,8.88,NY10152,1,0,1,
US,NY,10153,,8.88,NY10153,1,0,1,
US,NY,10154,,8.88,NY10154,1,0,1,
US,NY,10155,,8.88,NY10155,1,0,1,
US,NY,10156,,8.88,NY10156,1,0,1,
US,NY,10157,,8.88,NY10157,1,0,1,
US,NY,10158,,8.88,NY10158,1,0,1,
US,NY,10159,,8.88,NY10159,1,0,1,
US,NY,10160,,8.88,NY10160,1,0,1,
US,NY,10162,,8.88,NY10162,1,0,1,
US,NY,10163,,8.88,NY10163,1,0,1,
US,NY,10164,,8.88,NY10164,1,0,1,
US,NY,10165,,8.88,NY10165,1,0,1,
US,NY,10166,,8.88,NY10166,1,0,1,
US,NY,10167,,8.88,NY10167,1,0,1,
US,NY,10168,,8.88,NY10168,1,0,1,
US,NY,10169,,8.88,NY10169,1,0,1,
US,NY,10170,,8.88,NY10170,1,0,1,
US,NY,10171,,8.88,NY10171,1,0,1,
US,NY,10172,,8.88,NY10172,1,0,1,
US,NY,10173,,8.88,NY10173,1,0,1,
US,NY,10174,,8.88,NY10174,1,0,1,
US,NY,10175,,8.88,NY10175,1,0,1,
US,NY,10176,,8.88,NY10176,1,0,1,
US,NY,10177,,8.88,NY10177,1,0,1,
US,NY,10178,,8.88,NY10178,1,0,1,
US,NY,10179,,8.88,NY10179,1,0,1,
US,NY,10185,,8.88,NY10185,1,0,1,
US,NY,10199,,8.88,NY10199,1,0,1,
US,NY,10203,,8.88,NY10203,1,0,1,
US,NY,10211,,8.88,NY10211,1,0,1,
US,NY,10212,,8.88,NY10212,1,0,1,
US,NY,10213,,8.88,NY10213,1,0,1,
US,NY,10242,,8.88,NY10242,1,0,1,
US,NY,10249,,8.88,NY10249,1,0,1,
US,NY,10256,,8.88,NY10256,1,0,1,
US,NY,10258,,8.88,NY10258,1,0,1,
US,NY,10259,,8.88,NY10259,1,0,1,
US,NY,10260,,8.88,NY10260,1,0,1,
US,NY,10261,,8.88,NY10261,1,0,1,
US,NY,10265,,8.88,NY10265,1,0,1,
US,NY,10268,,8.88,NY10268,1,0,1,
US,NY,10269,,8.88,NY10269,1,0,1,
US,NY,10270,,8.88,NY10270,1,0,1,
US,NY,10271,,8.88,NY10271,1,0,1,
US,NY,10272,,8.88,NY10272,1,0,1,
US,NY,10273,,8.88,NY10273,1,0,1,
US,NY,10274,,8.88,NY10274,1,0,1,
US,NY,10275,,8.88,NY10275,1,0,1,
US,NY,10276,,8.88,NY10276,1,0,1,
US,NY,10277,,8.88,NY10277,1,0,1,
US,NY,10278,,8.88,NY10278,1,0,1,
US,NY,10279,,8.88,NY10279,1,0,1,
US,NY,10280,,8.88,NY10280,1,0,1,
US,NY,10281,,8.88,NY10281,1,0,1,
US,NY,10282,,8.88,NY10282,1,0,1,
US,NY,10285,,8.88,NY10285,1,0,1,
US,NY,10286,,8.88,NY10286,1,0,1,
US,NY,10301,,8.88,NY10301,1,0,1,
US,NY,10302,,8.88,NY10302,1,0,1,
US,NY,10303,,8.88,NY10303,1,0,1,
US,NY,10304,,8.88,NY10304,1,0,1,
US,NY,10305,,8.88,NY10305,1,0,1,
US,NY,10306,,8.88,NY10306,1,0,1,
US,NY,10307,,8.88,NY10307,1,0,1,
US,NY,10308,,8.88,NY10308,1,0,1,
US,NY,10309,,8.88,NY10309,1,0,1,
US,NY,10310,,8.88,NY10310,1,0,1,
US,NY,10311,,8.88,NY10311,1,0,1,
US,NY,10312,,8.88,NY10312,1,0,1,
US,NY,10313,,8.88,NY10313,1,0,1,
US,NY,10314,,8.88,NY10314,1,0,1,
US,NY,10451,,8.88,NY10451,1,0,1,
US,NY,10452,,8.88,NY10452,1,0,1,
US,NY,10453,,8.88,NY10453,1,0,1,
US,NY,10454,,8.88,NY10454,1,0,1,
US,NY,10455,,8.88,NY10455,1,0,1,
US,NY,10456,,8.88,NY10456,1,0,1,
US,NY,10457,,8.88,NY10457,1,0,1,
US,NY,10458,,8.88,NY10458,1,0,1,
US,NY,10459,,8.88,NY10459,1,0,1,
US,NY,10460,,8.88,NY10460,1,0,1,
US,NY,10461,,8.88,NY10461,1,0,1,
US,NY,10462,,8.88,NY10462,1,0,1,
US,NY,10463,,8.88,NY10463,1,0,1,
US,NY,10464,,8.88,NY10464,1,0,1,
US,NY,10465,,8.88,NY10465,1,0,1,
US,NY,10466,,8.88,NY10466,1,0,1,
US,NY,10467,,8.88,NY10467,1,0,1,
US,NY,10468,,8.88,NY10468,1,0,1,
US,NY,10469,,8.88,NY10469,1,0,1,
US,NY,10470,,8.88,NY10470,1,0,1,
US,NY,10471,,8.88,NY10471,1,0,1,
US,NY,10472,,8.88,NY10472,1,0,1,
US,NY,10473,,8.88,NY10473,1,0,1,
US,NY,10474,,8.88,NY10474,1,0,1,
US,NY,10475,,8.88,NY10475,1,0,1,
US,NY,10501,,8.38,NY10501,1,0,1,
US,NY,10502,,8.38,NY10502,1,0,1,
US,NY,10503,,8.38,NY10503,1,0,1,
US,NY,10504,,8.38,NY10504,1,0,1,
US,NY,10505,,8.38,NY10505,1,0,1,
US,NY,10506,,8.38,NY10506,1,0,1,
US,NY,10507,,8.38,NY10507,1,0,1,
US,NY,10509,,8.38,NY10509,1,0,1,
US,NY,10510,,8.38,NY10510,1,0,1,
US,NY,10511,,8.38,NY10511,1,0,1,
US,NY,10512,,8.38,NY10512,1,0,1,
US,NY,10514,,8.38,NY10514,1,0,1,
US,NY,10516,,8.38,NY10516,1,0,1,
US,NY,10517,,8.38,NY10517,1,0,1,
US,NY,10518,,8.38,NY10518,1,0,1,
US,NY,10519,,8.38,NY10519,1,0,1,
US,NY,10520,,8.38,NY10520,1,0,1,
US,NY,10521,,8.38,NY10521,1,0,1,
US,NY,10522,,8.38,NY10522,1,0,1,
US,NY,10523,,8.38,NY10523,1,0,1,
US,NY,10524,,8.38,NY10524,1,0,1,
US,NY,10526,,8.38,NY10526,1,0,1,
US,NY,10527,,8.38,NY10527,1,0,1,
US,NY,10528,,8.38,NY10528,1,0,1,
US,NY,10530,,8.38,NY10530,1,0,1,
US,NY,10532,,8.38,NY10532,1,0,1,
US,NY,10533,,8.38,NY10533,1,0,1,
US,NY,10535,,8.38,NY10535,1,0,1,
US,NY,10536,,8.38,NY10536,1,0,1,
US,NY,10537,,8.38,NY10537,1,0,1,
US,NY,10538,,8.38,NY10538,1,0,1,
US,NY,10540,,8.38,NY10540,1,0,1,
US,NY,10541,,8.38,NY10541,1,0,1,
US,NY,10542,,8.38,NY10542,1,0,1,
US,NY,10543,,8.38,NY10543,1,0,1,
US,NY,10545,,8.38,NY10545,1,0,1,
US,NY,10546,,8.38,NY10546,1,0,1,
US,NY,10547,,8.38,NY10547,1,0,1,
US,NY,10548,,8.38,NY10548,1,0,1,
US,NY,10549,,8.38,NY10549,1,0,1,
US,NY,10550,,8.88,NY10550,1,0,1,
US,NY,10551,,8.38,NY10551,1,0,1,
US,NY,10552,,8.38,NY10552,1,0,1,
US,NY,10553,,8.38,NY10553,1,0,1,
US,NY,10560,,8.38,NY10560,1,0,1,
US,NY,10562,,8.38,NY10562,1,0,1,
US,NY,10566,,8.38,NY10566,1,0,1,
US,NY,10567,,8.38,NY10567,1,0,1,
US,NY,10570,,8.38,NY10570,1,0,1,
US,NY,10573,,8.38,NY10573,1,0,1,
US,NY,10576,,8.38,NY10576,1,0,1,
US,NY,10577,,8.38,NY10577,1,0,1,
US,NY,10578,,8.38,NY10578,1,0,1,
US,NY,10579,,8.38,NY10579,1,0,1,
US,NY,10580,,8.38,NY10580,1,0,1,
US,NY,10583,,8.88,NY10583,1,0,1,
US,NY,10587,,8.38,NY10587,1,0,1,
US,NY,10588,,8.38,NY10588,1,0,1,
US,NY,10589,,8.38,NY10589,1,0,1,
US,NY,10590,,8.38,NY10590,1,0,1,
US,NY,10591,,8.38,NY10591,1,0,1,
US,NY,10594,,8.38,NY10594,1,0,1,
US,NY,10595,,8.38,NY10595,1,0,1,
US,NY,10596,,8.38,NY10596,1,0,1,
US,NY,10597,,8.38,NY10597,1,0,1,
US,NY,10598,,8.38,NY10598,1,0,1,
US,NY,10601,,8.38,NY10601,1,0,1,
US,NY,10602,,8.38,NY10602,1,0,1,
US,NY,10603,,8.38,NY10603,1,0,1,
US,NY,10604,,8.38,NY10604,1,0,1,
US,NY,10605,,8.38,NY10605,1,0,1,
US,NY,10606,,8.38,NY10606,1,0,1,
US,NY,10607,,8.38,NY10607,1,0,1,
US,NY,10610,,8.38,NY10610,1,0,1,
US,NY,10701,,8.88,NY10701,1,0,1,
US,NY,10702,,8.88,NY10702,1,0,1,
US,NY,10703,,8.88,NY10703,1,0,1,
US,NY,10704,,8.88,NY10704,1,0,1,
US,NY,10705,,8.88,NY10705,1,0,1,
US,NY,10706,,8.88,NY10706,1,0,1,
US,NY,10707,,8.88,NY10707,1,0,1,
US,NY,10708,,8.88,NY10708,1,0,1,
US,NY,10709,,8.38,NY10709,1,0,1,
US,NY,10710,,8.88,NY10710,1,0,1,
US,NY,10801,,8.38,NY10801,1,0,1,
US,NY,10802,,8.38,NY10802,1,0,1,
US,NY,10803,,8.88,NY10803,1,0,1,
US,NY,10804,,8.38,NY10804,1,0,1,
US,NY,10805,,8.38,NY10805,1,0,1,
US,NY,10901,,8.38,NY10901,1,0,1,
US,NY,10910,,8.13,NY10910,1,0,1,
US,NY,10911,,8.38,NY10911,1,0,1,
US,NY,10912,,8.13,NY10912,1,0,1,
US,NY,10913,,8.38,NY10913,1,0,1,
US,NY,10914,,8.13,NY10914,1,0,1,
US,NY,10915,,8.13,NY10915,1,0,1,
US,NY,10916,,8.13,NY10916,1,0,1,
US,NY,10917,,8.13,NY10917,1,0,1,
US,NY,10918,,8.13,NY10918,1,0,1,
US,NY,10919,,8.13,NY10919,1,0,1,
US,NY,10920,,8.38,NY10920,1,0,1,
US,NY,10921,,8.13,NY10921,1,0,1,
US,NY,10922,,8.13,NY10922,1,0,1,
US,NY,10923,,8.38,NY10923,1,0,1,
US,NY,10924,,8.13,NY10924,1,0,1,
US,NY,10925,,8.13,NY10925,1,0,1,
US,NY,10926,,8.13,NY10926,1,0,1,
US,NY,10927,,8.38,NY10927,1,0,1,
US,NY,10928,,8.13,NY10928,1,0,1,
US,NY,10930,,8.13,NY10930,1,0,1,
US,NY,10931,,8.38,NY10931,1,0,1,
US,NY,10932,,8.13,NY10932,1,0,1,
US,NY,10933,,8.13,NY10933,1,0,1,
US,NY,10940,,8.13,NY10940,1,0,1,
US,NY,10941,,8.13,NY10941,1,0,1,
US,NY,10949,,8.13,NY10949,1,0,1,
US,NY,10950,,8.13,NY10950,1,0,1,
US,NY,10952,,8.38,NY10952,1,0,1,
US,NY,10953,,8.13,NY10953,1,0,1,
US,NY,10954,,8.38,NY10954,1,0,1,
US,NY,10956,,8.38,NY10956,1,0,1,
US,NY,10958,,8.13,NY10958,1,0,1,
US,NY,10959,,8.13,NY10959,1,0,1,
US,NY,10960,,8.38,NY10960,1,0,1,
US,NY,10962,,8.38,NY10962,1,0,1,
US,NY,10963,,8.13,NY10963,1,0,1,
US,NY,10964,,8.38,NY10964,1,0,1,
US,NY,10965,,8.38,NY10965,1,0,1,
US,NY,10968,,8.38,NY10968,1,0,1,
US,NY,10969,,8.13,NY10969,1,0,1,
US,NY,10970,,8.38,NY10970,1,0,1,
US,NY,10973,,8.13,NY10973,1,0,1,
US,NY,10974,,8.38,NY10974,1,0,1,
US,NY,10975,,8.13,NY10975,1,0,1,
US,NY,10976,,8.38,NY10976,1,0,1,
US,NY,10977,,8.38,NY10977,1,0,1,
US,NY,10979,,8.13,NY10979,1,0,1,
US,NY,10980,,8.38,NY10980,1,0,1,
US,NY,10981,,8.13,NY10981,1,0,1,
US,NY,10982,,8.38,NY10982,1,0,1,
US,NY,10983,,8.38,NY10983,1,0,1,
US,NY,10984,,8.38,NY10984,1,0,1,
US,NY,10985,,8.13,NY10985,1,0,1,
US,NY,10986,,8.38,NY10986,1,0,1,
US,NY,10987,,8.38,NY10987,1,0,1,
US,NY,10988,,8.13,NY10988,1,0,1,
US,NY,10989,,8.38,NY10989,1,0,1,
US,NY,10990,,8.13,NY10990,1,0,1,
US,NY,10992,,8.13,NY10992,1,0,1,
US,NY,10993,,8.38,NY10993,1,0,1,
US,NY,10994,,8.38,NY10994,1,0,1,
US,NY,10996,,8.13,NY10996,1,0,1,
US,NY,10997,,8.13,NY10997,1,0,1,
US,NY,10998,,8.13,NY10998,1,0,1,
US,NY,11001,,8.88,NY11001,1,0,1,
US,NY,11002,,8.63,NY11002,1,0,1,
US,NY,11003,,8.88,NY11003,1,0,1,
US,NY,11004,,8.88,NY11004,1,0,1,
US,NY,11005,,8.88,NY11005,1,0,1,
US,NY,11010,,8.63,NY11010,1,0,1,
US,NY,11020,,8.88,NY11020,1,0,1,
US,NY,11021,,8.88,NY11021,1,0,1,
US,NY,11022,,8.63,NY11022,1,0,1,
US,NY,11023,,8.63,NY11023,1,0,1,
US,NY,11024,,8.63,NY11024,1,0,1,
US,NY,11026,,8.63,NY11026,1,0,1,
US,NY,11027,,8.63,NY11027,1,0,1,
US,NY,11030,,8.63,NY11030,1,0,1,
US,NY,11040,,8.88,NY11040,1,0,1,
US,NY,11042,,8.63,NY11042,1,0,1,
US,NY,11050,,8.63,NY11050,1,0,1,
US,NY,11051,,8.63,NY11051,1,0,1,
US,NY,11052,,8.63,NY11052,1,0,1,
US,NY,11053,,8.63,NY11053,1,0,1,
US,NY,11054,,8.63,NY11054,1,0,1,
US,NY,11055,,8.63,NY11055,1,0,1,
US,NY,11096,,8.88,NY11096,1,0,1,
US,NY,11101,,8.88,NY11101,1,0,1,
US,NY,11102,,8.88,NY11102,1,0,1,
US,NY,11103,,8.88,NY11103,1,0,1,
US,NY,11104,,8.88,NY11104,1,0,1,
US,NY,11105,,8.88,NY11105,1,0,1,
US,NY,11106,,8.88,NY11106,1,0,1,
US,NY,11109,,8.88,NY11109,1,0,1,
US,NY,11120,,8.88,NY11120,1,0,1,
US,NY,11201,,8.88,NY11201,1,0,1,
US,NY,11202,,8.88,NY11202,1,0,1,
US,NY,11203,,8.88,NY11203,1,0,1,
US,NY,11204,,8.88,NY11204,1,0,1,
US,NY,11205,,8.88,NY11205,1,0,1,
US,NY,11206,,8.88,NY11206,1,0,1,
US,NY,11207,,8.88,NY11207,1,0,1,
US,NY,11208,,8.88,NY11208,1,0,1,
US,NY,11209,,8.88,NY11209,1,0,1,
US,NY,11210,,8.88,NY11210,1,0,1,
US,NY,11211,,8.88,NY11211,1,0,1,
US,NY,11212,,8.88,NY11212,1,0,1,
US,NY,11213,,8.88,NY11213,1,0,1,
US,NY,11214,,8.88,NY11214,1,0,1,
US,NY,11215,,8.88,NY11215,1,0,1,
US,NY,11216,,8.88,NY11216,1,0,1,
US,NY,11217,,8.88,NY11217,1,0,1,
US,NY,11218,,8.88,NY11218,1,0,1,
US,NY,11219,,8.88,NY11219,1,0,1,
US,NY,11220,,8.88,NY11220,1,0,1,
US,NY,11221,,8.88,NY11221,1,0,1,
US,NY,11222,,8.88,NY11222,1,0,1,
US,NY,11223,,8.88,NY11223,1,0,1,
US,NY,11224,,8.88,NY11224,1,0,1,
US,NY,11225,,8.88,NY11225,1,0,1,
US,NY,11226,,8.88,NY11226,1,0,1,
US,NY,11228,,8.88,NY11228,1,0,1,
US,NY,11229,,8.88,NY11229,1,0,1,
US,NY,11230,,8.88,NY11230,1,0,1,
US,NY,11231,,8.88,NY11231,1,0,1,
US,NY,11232,,8.88,NY11232,1,0,1,
US,NY,11233,,8.88,NY11233,1,0,1,
US,NY,11234,,8.88,NY11234,1,0,1,
US,NY,11235,,8.88,NY11235,1,0,1,
US,NY,11236,,8.88,NY11236,1,0,1,
US,NY,11237,,8.88,NY11237,1,0,1,
US,NY,11238,,8.88,NY11238,1,0,1,
US,NY,11239,,8.88,NY11239,1,0,1,
US,NY,11241,,8.88,NY11241,1,0,1,
US,NY,11242,,8.88,NY11242,1,0,1,
US,NY,11243,,8.88,NY11243,1,0,1,
US,NY,11245,,8.88,NY11245,1,0,1,
US,NY,11247,,8.88,NY11247,1,0,1,
US,NY,11249,,8.88,NY11249,1,0,1,
US,NY,11251,,8.88,NY11251,1,0,1,
US,NY,11252,,8.88,NY11252,1,0,1,
US,NY,11256,,8.88,NY11256,1,0,1,
US,NY,11351,,8.88,NY11351,1,0,1,
US,NY,11352,,8.88,NY11352,1,0,1,
US,NY,11354,,8.88,NY11354,1,0,1,
US,NY,11355,,8.88,NY11355,1,0,1,
US,NY,11356,,8.88,NY11356,1,0,1,
US,NY,11357,,8.88,NY11357,1,0,1,
US,NY,11358,,8.88,NY11358,1,0,1,
US,NY,11359,,8.88,NY11359,1,0,1,
US,NY,11360,,8.88,NY11360,1,0,1,
US,NY,11361,,8.88,NY11361,1,0,1,
US,NY,11362,,8.88,NY11362,1,0,1,
US,NY,11363,,8.88,NY11363,1,0,1,
US,NY,11364,,8.88,NY11364,1,0,1,
US,NY,11365,,8.88,NY11365,1,0,1,
US,NY,11366,,8.88,NY11366,1,0,1,
US,NY,11367,,8.88,NY11367,1,0,1,
US,NY,11368,,8.88,NY11368,1,0,1,
US,NY,11369,,8.88,NY11369,1,0,1,
US,NY,11370,,8.88,NY11370,1,0,1,
US,NY,11371,,8.88,NY11371,1,0,1,
US,NY,11372,,8.88,NY11372,1,0,1,
US,NY,11373,,8.88,NY11373,1,0,1,
US,NY,11374,,8.88,NY11374,1,0,1,
US,NY,11375,,8.88,NY11375,1,0,1,
US,NY,11377,,8.88,NY11377,1,0,1,
US,NY,11378,,8.88,NY11378,1,0,1,
US,NY,11379,,8.88,NY11379,1,0,1,
US,NY,11380,,8.88,NY11380,1,0,1,
US,NY,11385,,8.88,NY11385,1,0,1,
US,NY,11386,,8.88,NY11386,1,0,1,
US,NY,11405,,8.88,NY11405,1,0,1,
US,NY,11411,,8.88,NY11411,1,0,1,
US,NY,11412,,8.88,NY11412,1,0,1,
US,NY,11413,,8.88,NY11413,1,0,1,
US,NY,11414,,8.88,NY11414,1,0,1,
US,NY,11415,,8.88,NY11415,1,0,1,
US,NY,11416,,8.88,NY11416,1,0,1,
US,NY,11417,,8.88,NY11417,1,0,1,
US,NY,11418,,8.88,NY11418,1,0,1,
US,NY,11419,,8.88,NY11419,1,0,1,
US,NY,11420,,8.88,NY11420,1,0,1,
US,NY,11421,,8.88,NY11421,1,0,1,
US,NY,11422,,8.88,NY11422,1,0,1,
US,NY,11423,,8.88,NY11423,1,0,1,
US,NY,11424,,8.88,NY11424,1,0,1,
US,NY,11425,,8.88,NY11425,1,0,1,
US,NY,11426,,8.88,NY11426,1,0,1,
US,NY,11427,,8.88,NY11427,1,0,1,
US,NY,11428,,8.88,NY11428,1,0,1,
US,NY,11429,,8.88,NY11429,1,0,1,
US,NY,11430,,8.88,NY11430,1,0,1,
US,NY,11431,,8.88,NY11431,1,0,1,
US,NY,11432,,8.88,NY11432,1,0,1,
US,NY,11433,,8.88,NY11433,1,0,1,
US,NY,11434,,8.88,NY11434,1,0,1,
US,NY,11435,,8.88,NY11435,1,0,1,
US,NY,11436,,8.88,NY11436,1,0,1,
US,NY,11437,,8.88,NY11437,1,0,1,
US,NY,11439,,8.88,NY11439,1,0,1,
US,NY,11451,,8.88,NY11451,1,0,1,
US,NY,11499,,8.88,NY11499,1,0,1,
US,NY,11501,,8.63,NY11501,1,0,1,
US,NY,11507,,8.63,NY11507,1,0,1,
US,NY,11509,,8.63,NY11509,1,0,1,
US,NY,11510,,8.63,NY11510,1,0,1,
US,NY,11514,,8.63,NY11514,1,0,1,
US,NY,11516,,8.63,NY11516,1,0,1,
US,NY,11518,,8.63,NY11518,1,0,1,
US,NY,11520,,8.63,NY11520,1,0,1,
US,NY,11530,,8.63,NY11530,1,0,1,
US,NY,11531,,8.63,NY11531,1,0,1,
US,NY,11542,,8.63,NY11542,1,0,1,
US,NY,11545,,8.63,NY11545,1,0,1,
US,NY,11547,,8.63,NY11547,1,0,1,
US,NY,11548,,8.63,NY11548,1,0,1,
US,NY,11549,,8.63,NY11549,1,0,1,
US,NY,11550,,8.63,NY11550,1,0,1,
US,NY,11551,,8.63,NY11551,1,0,1,
US,NY,11552,,8.63,NY11552,1,0,1,
US,NY,11553,,8.63,NY11553,1,0,1,
US,NY,11554,,8.63,NY11554,1,0,1,
US,NY,11555,,8.63,NY11555,1,0,1,
US,NY,11556,,8.63,NY11556,1,0,1,
US,NY,11557,,8.63,NY11557,1,0,1,
US,NY,11558,,8.63,NY11558,1,0,1,
US,NY,11559,,8.88,NY11559,1,0,1,
US,NY,11560,,8.63,NY11560,1,0,1,
US,NY,11561,,8.63,NY11561,1,0,1,
US,NY,11563,,8.63,NY11563,1,0,1,
US,NY,11565,,8.63,NY11565,1,0,1,
US,NY,11566,,8.63,NY11566,1,0,1,
US,NY,11568,,8.63,NY11568,1,0,1,
US,NY,11569,,8.63,NY11569,1,0,1,
US,NY,11570,,8.63,NY11570,1,0,1,
US,NY,11571,,8.63,NY11571,1,0,1,
US,NY,11572,,8.63,NY11572,1,0,1,
US,NY,11575,,8.63,NY11575,1,0,1,
US,NY,11576,,8.63,NY11576,1,0,1,
US,NY,11577,,8.63,NY11577,1,0,1,
US,NY,11579,,8.63,NY11579,1,0,1,
US,NY,11580,,8.88,NY11580,1,0,1,
US,NY,11581,,8.88,NY11581,1,0,1,
US,NY,11582,,8.63,NY11582,1,0,1,
US,NY,11590,,8.63,NY11590,1,0,1,
US,NY,11596,,8.63,NY11596,1,0,1,
US,NY,11598,,8.63,NY11598,1,0,1,
US,NY,11599,,8.63,NY11599,1,0,1,
US,NY,11690,,8.63,NY11690,1,0,1,
US,NY,11691,,8.88,NY11691,1,0,1,
US,NY,11692,,8.88,NY11692,1,0,1,
US,NY,11693,,8.88,NY11693,1,0,1,
US,NY,11694,,8.88,NY11694,1,0,1,
US,NY,11695,,8.63,NY11695,1,0,1,
US,NY,11697,,8.88,NY11697,1,0,1,
US,NY,11701,,8.63,NY11701,1,0,1,
US,NY,11702,,8.63,NY11702,1,0,1,
US,NY,11703,,8.63,NY11703,1,0,1,
US,NY,11704,,8.63,NY11704,1,0,1,
US,NY,11705,,8.63,NY11705,1,0,1,
US,NY,11706,,8.63,NY11706,1,0,1,
US,NY,11707,,8.63,NY11707,1,0,1,
US,NY,11709,,8.63,NY11709,1,0,1,
US,NY,11710,,8.63,NY11710,1,0,1,
US,NY,11713,,8.63,NY11713,1,0,1,
US,NY,11714,,8.63,NY11714,1,0,1,
US,NY,11715,,8.63,NY11715,1,0,1,
US,NY,11716,,8.63,NY11716,1,0,1,
US,NY,11717,,8.63,NY11717,1,0,1,
US,NY,11718,,8.63,NY11718,1,0,1,
US,NY,11719,,8.63,NY11719,1,0,1,
US,NY,11720,,8.63,NY11720,1,0,1,
US,NY,11721,,8.63,NY11721,1,0,1,
US,NY,11722,,8.63,NY11722,1,0,1,
US,NY,11724,,8.63,NY11724,1,0,1,
US,NY,11725,,8.63,NY11725,1,0,1,
US,NY,11726,,8.63,NY11726,1,0,1,
US,NY,11727,,8.63,NY11727,1,0,1,
US,NY,11729,,8.63,NY11729,1,0,1,
US,NY,11730,,8.63,NY11730,1,0,1,
US,NY,11731,,8.63,NY11731,1,0,1,
US,NY,11732,,8.63,NY11732,1,0,1,
US,NY,11733,,8.63,NY11733,1,0,1,
US,NY,11735,,8.63,NY11735,1,0,1,
US,NY,11737,,8.63,NY11737,1,0,1,
US,NY,11738,,8.63,NY11738,1,0,1,
US,NY,11739,,8.63,NY11739,1,0,1,
US,NY,11740,,8.63,NY11740,1,0,1,
US,NY,11741,,8.63,NY11741,1,0,1,
US,NY,11742,,8.63,NY11742,1,0,1,
US,NY,11743,,8.63,NY11743,1,0,1,
US,NY,11746,,8.63,NY11746,1,0,1,
US,NY,11747,,8.63,NY11747,1,0,1,
US,NY,11749,,8.63,NY11749,1,0,1,
US,NY,11751,,8.63,NY11751,1,0,1,
US,NY,11752,,8.63,NY11752,1,0,1,
US,NY,11753,,8.63,NY11753,1,0,1,
US,NY,11754,,8.63,NY11754,1,0,1,
US,NY,11755,,8.63,NY11755,1,0,1,
US,NY,11756,,8.63,NY11756,1,0,1,
US,NY,11757,,8.63,NY11757,1,0,1,
US,NY,11758,,8.63,NY11758,1,0,1,
US,NY,11760,,8.63,NY11760,1,0,1,
US,NY,11762,,8.63,NY11762,1,0,1,
US,NY,11763,,8.63,NY11763,1,0,1,
US,NY,11764,,8.63,NY11764,1,0,1,
US,NY,11765,,8.63,NY11765,1,0,1,
US,NY,11766,,8.63,NY11766,1,0,1,
US,NY,11767,,8.63,NY11767,1,0,1,
US,NY,11768,,8.63,NY11768,1,0,1,
US,NY,11769,,8.63,NY11769,1,0,1,
US,NY,11770,,8.63,NY11770,1,0,1,
US,NY,11771,,8.63,NY11771,1,0,1,
US,NY,11772,,8.63,NY11772,1,0,1,
US,NY,11773,,8.63,NY11773,1,0,1,
US,NY,11775,,8.63,NY11775,1,0,1,
US,NY,11776,,8.63,NY11776,1,0,1,
US,NY,11777,,8.63,NY11777,1,0,1,
US,NY,11778,,8.63,NY11778,1,0,1,
US,NY,11779,,8.63,NY11779,1,0,1,
US,NY,11780,,8.63,NY11780,1,0,1,
US,NY,11782,,8.63,NY11782,1,0,1,
US,NY,11783,,8.63,NY11783,1,0,1,
US,NY,11784,,8.63,NY11784,1,0,1,
US,NY,11786,,8.63,NY11786,1,0,1,
US,NY,11787,,8.63,NY11787,1,0,1,
US,NY,11788,,8.63,NY11788,1,0,1,
US,NY,11789,,8.63,NY11789,1,0,1,
US,NY,11790,,8.63,NY11790,1,0,1,
US,NY,11791,,8.63,NY11791,1,0,1,
US,NY,11792,,8.63,NY11792,1,0,1,
US,NY,11793,,8.63,NY11793,1,0,1,
US,NY,11794,,8.63,NY11794,1,0,1,
US,NY,11795,,8.63,NY11795,1,0,1,
US,NY,11796,,8.63,NY11796,1,0,1,
US,NY,11797,,8.63,NY11797,1,0,1,
US,NY,11798,,8.63,NY11798,1,0,1,
US,NY,11801,,8.63,NY11801,1,0,1,
US,NY,11802,,8.63,NY11802,1,0,1,
US,NY,11803,,8.63,NY11803,1,0,1,
US,NY,11804,,8.63,NY11804,1,0,1,
US,NY,11815,,8.63,NY11815,1,0,1,
US,NY,11853,,8.63,NY11853,1,0,1,
US,NY,11901,,8.63,NY11901,1,0,1,
US,NY,11930,,8.63,NY11930,1,0,1,
US,NY,11931,,8.63,NY11931,1,0,1,
US,NY,11932,,8.63,NY11932,1,0,1,
US,NY,11933,,8.63,NY11933,1,0,1,
US,NY,11934,,8.63,NY11934,1,0,1,
US,NY,11935,,8.63,NY11935,1,0,1,
US,NY,11937,,8.63,NY11937,1,0,1,
US,NY,11939,,8.63,NY11939,1,0,1,
US,NY,11940,,8.63,NY11940,1,0,1,
US,NY,11941,,8.63,NY11941,1,0,1,
US,NY,11942,,8.63,NY11942,1,0,1,
US,NY,11944,,8.63,NY11944,1,0,1,
US,NY,11946,,8.63,NY11946,1,0,1,
US,NY,11947,,8.63,NY11947,1,0,1,
US,NY,11948,,8.63,NY11948,1,0,1,
US,NY,11949,,8.63,NY11949,1,0,1,
US,NY,11950,,8.63,NY11950,1,0,1,
US,NY,11951,,8.63,NY11951,1,0,1,
US,NY,11952,,8.63,NY11952,1,0,1,
US,NY,11953,,8.63,NY11953,1,0,1,
US,NY,11954,,8.63,NY11954,1,0,1,
US,NY,11955,,8.63,NY11955,1,0,1,
US,NY,11956,,8.63,NY11956,1,0,1,
US,NY,11957,,8.63,NY11957,1,0,1,
US,NY,11958,,8.63,NY11958,1,0,1,
US,NY,11959,,8.63,NY11959,1,0,1,
US,NY,11960,,8.63,NY11960,1,0,1,
US,NY,11961,,8.63,NY11961,1,0,1,
US,NY,11962,,8.63,NY11962,1,0,1,
US,NY,11963,,8.63,NY11963,1,0,1,
US,NY,11964,,8.63,NY11964,1,0,1,
US,NY,11965,,8.63,NY11965,1,0,1,
US,NY,11967,,8.63,NY11967,1,0,1,
US,NY,11968,,8.63,NY11968,1,0,1,
US,NY,11969,,8.63,NY11969,1,0,1,
US,NY,11970,,8.63,NY11970,1,0,1,
US,NY,11971,,8.63,NY11971,1,0,1,
US,NY,11972,,8.63,NY11972,1,0,1,
US,NY,11973,,8.63,NY11973,1,0,1,
US,NY,11975,,8.63,NY11975,1,0,1,
US,NY,11976,,8.63,NY11976,1,0,1,
US,NY,11977,,8.63,NY11977,1,0,1,
US,NY,11978,,8.63,NY11978,1,0,1,
US,NY,11980,,8.63,NY11980,1,0,1,
US,NY,12007,,8,NY12007,1,0,1,
US,NY,12008,,8,NY12008,1,0,1,
US,NY,12009,,8,NY12009,1,0,1,
US,NY,12010,,8,NY12010,1,0,1,
US,NY,12015,,8,NY12015,1,0,1,
US,NY,12016,,8,NY12016,1,0,1,
US,NY,12017,,8,NY12017,1,0,1,
US,NY,12018,,8,NY12018,1,0,1,
US,NY,12019,,8,NY12019,1,0,1,
US,NY,12020,,7,NY12020,1,0,1,
US,NY,12022,,8,NY12022,1,0,1,
US,NY,12023,,8,NY12023,1,0,1,
US,NY,12024,,8,NY12024,1,0,1,
US,NY,12025,,8,NY12025,1,0,1,
US,NY,12027,,8,NY12027,1,0,1,
US,NY,12028,,8,NY12028,1,0,1,
US,NY,12029,,8,NY12029,1,0,1,
US,NY,12031,,8,NY12031,1,0,1,
US,NY,12032,,8,NY12032,1,0,1,
US,NY,12033,,8,NY12033,1,0,1,
US,NY,12035,,8,NY12035,1,0,1,
US,NY,12036,,8,NY12036,1,0,1,
US,NY,12037,,8,NY12037,1,0,1,
US,NY,12040,,8,NY12040,1,0,1,
US,NY,12041,,8,NY12041,1,0,1,
US,NY,12042,,8,NY12042,1,0,1,
US,NY,12043,,8,NY12043,1,0,1,
US,NY,12045,,8,NY12045,1,0,1,
US,NY,12046,,8,NY12046,1,0,1,
US,NY,12047,,8,NY12047,1,0,1,
US,NY,12050,,8,NY12050,1,0,1,
US,NY,12051,,8,NY12051,1,0,1,
US,NY,12052,,8,NY12052,1,0,1,
US,NY,12053,,8,NY12053,1,0,1,
US,NY,12054,,8,NY12054,1,0,1,
US,NY,12055,,8,NY12055,1,0,1,
US,NY,12056,,8,NY12056,1,0,1,
US,NY,12057,,8,NY12057,1,0,1,
US,NY,12058,,8,NY12058,1,0,1,
US,NY,12059,,8,NY12059,1,0,1,
US,NY,12060,,8,NY12060,1,0,1,
US,NY,12061,,8,NY12061,1,0,1,
US,NY,12062,,8,NY12062,1,0,1,
US,NY,12063,,8,NY12063,1,0,1,
US,NY,12064,,8,NY12064,1,0,1,
US,NY,12065,,7,NY12065,1,0,1,
US,NY,12066,,8,NY12066,1,0,1,
US,NY,12067,,8,NY12067,1,0,1,
US,NY,12068,,8,NY12068,1,0,1,
US,NY,12069,,8,NY12069,1,0,1,
US,NY,12070,,8,NY12070,1,0,1,
US,NY,12071,,8,NY12071,1,0,1,
US,NY,12072,,8,NY12072,1,0,1,
US,NY,12073,,8,NY12073,1,0,1,
US,NY,12074,,8,NY12074,1,0,1,
US,NY,12075,,8,NY12075,1,0,1,
US,NY,12076,,8,NY12076,1,0,1,
US,NY,12077,,8,NY12077,1,0,1,
US,NY,12078,,8,NY12078,1,0,1,
US,NY,12082,,8,NY12082,1,0,1,
US,NY,12083,,8,NY12083,1,0,1,
US,NY,12084,,8,NY12084,1,0,1,
US,NY,12085,,8,NY12085,1,0,1,
US,NY,12086,,8,NY12086,1,0,1,
US,NY,12087,,8,NY12087,1,0,1,
US,NY,12089,,8,NY12089,1,0,1,
US,NY,12090,,8,NY12090,1,0,1,
US,NY,12092,,8,NY12092,1,0,1,
US,NY,12093,,8,NY12093,1,0,1,
US,NY,12094,,8,NY12094,1,0,1,
US,NY,12095,,8,NY12095,1,0,1,
US,NY,12106,,8,NY12106,1,0,1,
US,NY,12107,,8,NY12107,1,0,1,
US,NY,12108,,8,NY12108,1,0,1,
US,NY,12110,,8,NY12110,1,0,1,
US,NY,12115,,8,NY12115,1,0,1,
US,NY,12116,,8,NY12116,1,0,1,
US,NY,12117,,8,NY12117,1,0,1,
US,NY,12118,,8,NY12118,1,0,1,
US,NY,12120,,8,NY12120,1,0,1,
US,NY,12121,,8,NY12121,1,0,1,
US,NY,12122,,8,NY12122,1,0,1,
US,NY,12123,,8,NY12123,1,0,1,
US,NY,12124,,8,NY12124,1,0,1,
US,NY,12125,,8,NY12125,1,0,1,
US,NY,12128,,8,NY12128,1,0,1,
US,NY,12130,,8,NY12130,1,0,1,
US,NY,12131,,8,NY12131,1,0,1,
US,NY,12132,,8,NY12132,1,0,1,
US,NY,12133,,8,NY12133,1,0,1,
US,NY,12134,,8,NY12134,1,0,1,
US,NY,12136,,8,NY12136,1,0,1,
US,NY,12137,,8,NY12137,1,0,1,
US,NY,12138,,8,NY12138,1,0,1,
US,NY,12139,,8,NY12139,1,0,1,
US,NY,12140,,8,NY12140,1,0,1,
US,NY,12141,,8,NY12141,1,0,1,
US,NY,12143,,8,NY12143,1,0,1,
US,NY,12144,,8,NY12144,1,0,1,
US,NY,12147,,8,NY12147,1,0,1,
US,NY,12148,,7,NY12148,1,0,1,
US,NY,12149,,8,NY12149,1,0,1,
US,NY,12150,,8,NY12150,1,0,1,
US,NY,12151,,7,NY12151,1,0,1,
US,NY,12153,,8,NY12153,1,0,1,
US,NY,12154,,8,NY12154,1,0,1,
US,NY,12155,,8,NY12155,1,0,1,
US,NY,12156,,8,NY12156,1,0,1,
US,NY,12157,,8,NY12157,1,0,1,
US,NY,12158,,8,NY12158,1,0,1,
US,NY,12159,,8,NY12159,1,0,1,
US,NY,12160,,8,NY12160,1,0,1,
US,NY,12161,,8,NY12161,1,0,1,
US,NY,12164,,8,NY12164,1,0,1,
US,NY,12165,,8,NY12165,1,0,1,
US,NY,12166,,8,NY12166,1,0,1,
US,NY,12167,,8,NY12167,1,0,1,
US,NY,12168,,8,NY12168,1,0,1,
US,NY,12169,,8,NY12169,1,0,1,
US,NY,12170,,7,NY12170,1,0,1,
US,NY,12172,,8,NY12172,1,0,1,
US,NY,12173,,8,NY12173,1,0,1,
US,NY,12174,,8,NY12174,1,0,1,
US,NY,12175,,8,NY12175,1,0,1,
US,NY,12176,,8,NY12176,1,0,1,
US,NY,12177,,8,NY12177,1,0,1,
US,NY,12180,,8,NY12180,1,0,1,
US,NY,12181,,8,NY12181,1,0,1,
US,NY,12182,,8,NY12182,1,0,1,
US,NY,12183,,8,NY12183,1,0,1,
US,NY,12184,,8,NY12184,1,0,1,
US,NY,12185,,8,NY12185,1,0,1,
US,NY,12186,,8,NY12186,1,0,1,
US,NY,12187,,8,NY12187,1,0,1,
US,NY,12188,,7,NY12188,1,0,1,
US,NY,12189,,8,NY12189,1,0,1,
US,NY,12190,,8,NY12190,1,0,1,
US,NY,12192,,8,NY12192,1,0,1,
US,NY,12193,,8,NY12193,1,0,1,
US,NY,12194,,8,NY12194,1,0,1,
US,NY,12195,,8,NY12195,1,0,1,
US,NY,12196,,8,NY12196,1,0,1,
US,NY,12197,,8,NY12197,1,0,1,
US,NY,12198,,8,NY12198,1,0,1,
US,NY,12201,,8,NY12201,1,0,1,
US,NY,12202,,8,NY12202,1,0,1,
US,NY,12203,,8,NY12203,1,0,1,
US,NY,12204,,8,NY12204,1,0,1,
US,NY,12205,,8,NY12205,1,0,1,
US,NY,12206,,8,NY12206,1,0,1,
US,NY,12207,,8,NY12207,1,0,1,
US,NY,12208,,8,NY12208,1,0,1,
US,NY,12209,,8,NY12209,1,0,1,
US,NY,12210,,8,NY12210,1,0,1,
US,NY,12211,,8,NY12211,1,0,1,
US,NY,12212,,8,NY12212,1,0,1,
US,NY,12214,,8,NY12214,1,0,1,
US,NY,12220,,8,NY12220,1,0,1,
US,NY,12222,,8,NY12222,1,0,1,
US,NY,12223,,8,NY12223,1,0,1,
US,NY,12224,,8,NY12224,1,0,1,
US,NY,12225,,8,NY12225,1,0,1,
US,NY,12226,,8,NY12226,1,0,1,
US,NY,12227,,8,NY12227,1,0,1,
US,NY,12228,,8,NY12228,1,0,1,
US,NY,12229,,8,NY12229,1,0,1,
US,NY,12230,,8,NY12230,1,0,1,
US,NY,12231,,8,NY12231,1,0,1,
US,NY,12232,,8,NY12232,1,0,1,
US,NY,12233,,8,NY12233,1,0,1,
US,NY,12234,,8,NY12234,1,0,1,
US,NY,12235,,8,NY12235,1,0,1,
US,NY,12236,,8,NY12236,1,0,1,
US,NY,12237,,8,NY12237,1,0,1,
US,NY,12238,,8,NY12238,1,0,1,
US,NY,12239,,8,NY12239,1,0,1,
US,NY,12240,,8,NY12240,1,0,1,
US,NY,12241,,8,NY12241,1,0,1,
US,NY,12242,,8,NY12242,1,0,1,
US,NY,12243,,8,NY12243,1,0,1,
US,NY,12244,,8,NY12244,1,0,1,
US,NY,12245,,8,NY12245,1,0,1,
US,NY,12246,,8,NY12246,1,0,1,
US,NY,12247,,8,NY12247,1,0,1,
US,NY,12248,,8,NY12248,1,0,1,
US,NY,12249,,8,NY12249,1,0,1,
US,NY,12250,,8,NY12250,1,0,1,
US,NY,12255,,8,NY12255,1,0,1,
US,NY,12257,,8,NY12257,1,0,1,
US,NY,12260,,8,NY12260,1,0,1,
US,NY,12261,,8,NY12261,1,0,1,
US,NY,12288,,8,NY12288,1,0,1,
US,NY,12301,,8,NY12301,1,0,1,
US,NY,12302,,8,NY12302,1,0,1,
US,NY,12303,,8,NY12303,1,0,1,
US,NY,12304,,8,NY12304,1,0,1,
US,NY,12305,,8,NY12305,1,0,1,
US,NY,12306,,8,NY12306,1,0,1,
US,NY,12307,,8,NY12307,1,0,1,
US,NY,12308,,8,NY12308,1,0,1,
US,NY,12309,,8,NY12309,1,0,1,
US,NY,12325,,8,NY12325,1,0,1,
US,NY,12345,,8,NY12345,1,0,1,
US,NY,12401,,8,NY12401,1,0,1,
US,NY,12402,,8,NY12402,1,0,1,
US,NY,12404,,8,NY12404,1,0,1,
US,NY,12405,,8,NY12405,1,0,1,
US,NY,12406,,8,NY12406,1,0,1,
US,NY,12407,,8,NY12407,1,0,1,
US,NY,12409,,8,NY12409,1,0,1,
US,NY,12410,,8,NY12410,1,0,1,
US,NY,12411,,8,NY12411,1,0,1,
US,NY,12412,,8,NY12412,1,0,1,
US,NY,12413,,8,NY12413,1,0,1,
US,NY,12414,,8,NY12414,1,0,1,
US,NY,12416,,8,NY12416,1,0,1,
US,NY,12417,,8,NY12417,1,0,1,
US,NY,12418,,8,NY12418,1,0,1,
US,NY,12419,,8,NY12419,1,0,1,
US,NY,12420,,8,NY12420,1,0,1,
US,NY,12421,,8,NY12421,1,0,1,
US,NY,12422,,8,NY12422,1,0,1,
US,NY,12423,,8,NY12423,1,0,1,
US,NY,12424,,8,NY12424,1,0,1,
US,NY,12427,,8,NY12427,1,0,1,
US,NY,12428,,8,NY12428,1,0,1,
US,NY,12429,,8,NY12429,1,0,1,
US,NY,12430,,8,NY12430,1,0,1,
US,NY,12431,,8,NY12431,1,0,1,
US,NY,12432,,8,NY12432,1,0,1,
US,NY,12433,,8,NY12433,1,0,1,
US,NY,12434,,8,NY12434,1,0,1,
US,NY,12435,,8,NY12435,1,0,1,
US,NY,12436,,8,NY12436,1,0,1,
US,NY,12438,,8,NY12438,1,0,1,
US,NY,12439,,8,NY12439,1,0,1,
US,NY,12440,,8,NY12440,1,0,1,
US,NY,12441,,8,NY12441,1,0,1,
US,NY,12442,,8,NY12442,1,0,1,
US,NY,12443,,8,NY12443,1,0,1,
US,NY,12444,,8,NY12444,1,0,1,
US,NY,12446,,8,NY12446,1,0,1,
US,NY,12448,,8,NY12448,1,0,1,
US,NY,12449,,8,NY12449,1,0,1,
US,NY,12450,,8,NY12450,1,0,1,
US,NY,12451,,8,NY12451,1,0,1,
US,NY,12452,,8,NY12452,1,0,1,
US,NY,12453,,8,NY12453,1,0,1,
US,NY,12454,,8,NY12454,1,0,1,
US,NY,12455,,8,NY12455,1,0,1,
US,NY,12456,,8,NY12456,1,0,1,
US,NY,12457,,8,NY12457,1,0,1,
US,NY,12458,,8,NY12458,1,0,1,
US,NY,12459,,8,NY12459,1,0,1,
US,NY,12460,,8,NY12460,1,0,1,
US,NY,12461,,8,NY12461,1,0,1,
US,NY,12463,,8,NY12463,1,0,1,
US,NY,12464,,8,NY12464,1,0,1,
US,NY,12465,,8,NY12465,1,0,1,
US,NY,12466,,8,NY12466,1,0,1,
US,NY,12468,,8,NY12468,1,0,1,
US,NY,12469,,8,NY12469,1,0,1,
US,NY,12470,,8,NY12470,1,0,1,
US,NY,12471,,8,NY12471,1,0,1,
US,NY,12472,,8,NY12472,1,0,1,
US,NY,12473,,8,NY12473,1,0,1,
US,NY,12474,,8,NY12474,1,0,1,
US,NY,12475,,8,NY12475,1,0,1,
US,NY,12477,,8,NY12477,1,0,1,
US,NY,12480,,8,NY12480,1,0,1,
US,NY,12481,,8,NY12481,1,0,1,
US,NY,12482,,8,NY12482,1,0,1,
US,NY,12483,,8,NY12483,1,0,1,
US,NY,12484,,8,NY12484,1,0,1,
US,NY,12485,,8,NY12485,1,0,1,
US,NY,12486,,8,NY12486,1,0,1,
US,NY,12487,,8,NY12487,1,0,1,
US,NY,12489,,8,NY12489,1,0,1,
US,NY,12490,,8,NY12490,1,0,1,
US,NY,12491,,8,NY12491,1,0,1,
US,NY,12492,,8,NY12492,1,0,1,
US,NY,12493,,8,NY12493,1,0,1,
US,NY,12494,,8,NY12494,1,0,1,
US,NY,12495,,8,NY12495,1,0,1,
US,NY,12496,,8,NY12496,1,0,1,
US,NY,12498,,8,NY12498,1,0,1,
US,NY,12501,,8.13,NY12501,1,0,1,
US,NY,12502,,8,NY12502,1,0,1,
US,NY,12503,,8,NY12503,1,0,1,
US,NY,12504,,8.13,NY12504,1,0,1,
US,NY,12506,,8.13,NY12506,1,0,1,
US,NY,12507,,8.13,NY12507,1,0,1,
US,NY,12508,,8.13,NY12508,1,0,1,
US,NY,12510,,8.13,NY12510,1,0,1,
US,NY,12511,,8.13,NY12511,1,0,1,
US,NY,12512,,8.13,NY12512,1,0,1,
US,NY,12513,,8,NY12513,1,0,1,
US,NY,12514,,8.13,NY12514,1,0,1,
US,NY,12515,,8,NY12515,1,0,1,
US,NY,12516,,8,NY12516,1,0,1,
US,NY,12517,,8,NY12517,1,0,1,
US,NY,12518,,8.13,NY12518,1,0,1,
US,NY,12520,,8.13,NY12520,1,0,1,
US,NY,12521,,8,NY12521,1,0,1,
US,NY,12522,,8.13,NY12522,1,0,1,
US,NY,12523,,8,NY12523,1,0,1,
US,NY,12524,,8.38,NY12524,1,0,1,
US,NY,12525,,8,NY12525,1,0,1,
US,NY,12526,,8.13,NY12526,1,0,1,
US,NY,12527,,8.13,NY12527,1,0,1,
US,NY,12528,,8,NY12528,1,0,1,
US,NY,12529,,8,NY12529,1,0,1,
US,NY,12530,,8,NY12530,1,0,1,
US,NY,12531,,8.38,NY12531,1,0,1,
US,NY,12533,,8.38,NY12533,1,0,1,
US,NY,12534,,8,NY12534,1,0,1,
US,NY,12537,,8.13,NY12537,1,0,1,
US,NY,12538,,8.13,NY12538,1,0,1,
US,NY,12540,,8.13,NY12540,1,0,1,
US,NY,12541,,8,NY12541,1,0,1,
US,NY,12542,,8.13,NY12542,1,0,1,
US,NY,12543,,8.13,NY12543,1,0,1,
US,NY,12544,,8,NY12544,1,0,1,
US,NY,12545,,8.13,NY12545,1,0,1,
US,NY,12546,,8.13,NY12546,1,0,1,
US,NY,12547,,8,NY12547,1,0,1,
US,NY,12548,,8,NY12548,1,0,1,
US,NY,12549,,8.13,NY12549,1,0,1,
US,NY,12550,,8.13,NY12550,1,0,1,
US,NY,12551,,8.13,NY12551,1,0,1,
US,NY,12552,,8.13,NY12552,1,0,1,
US,NY,12553,,8.13,NY12553,1,0,1,
US,NY,12555,,8.13,NY12555,1,0,1,
US,NY,12561,,8,NY12561,1,0,1,
US,NY,12563,,8.38,NY12563,1,0,1,
US,NY,12564,,8.38,NY12564,1,0,1,
US,NY,12565,,8,NY12565,1,0,1,
US,NY,12566,,8.13,NY12566,1,0,1,
US,NY,12567,,8.13,NY12567,1,0,1,
US,NY,12568,,8,NY12568,1,0,1,
US,NY,12569,,8.13,NY12569,1,0,1,
US,NY,12570,,8.13,NY12570,1,0,1,
US,NY,12571,,8.13,NY12571,1,0,1,
US,NY,12572,,8.13,NY12572,1,0,1,
US,NY,12574,,8.13,NY12574,1,0,1,
US,NY,12575,,8.13,NY12575,1,0,1,
US,NY,12577,,8.13,NY12577,1,0,1,
US,NY,12578,,8.13,NY12578,1,0,1,
US,NY,12580,,8.13,NY12580,1,0,1,
US,NY,12581,,8.13,NY12581,1,0,1,
US,NY,12582,,8.38,NY12582,1,0,1,
US,NY,12583,,8.13,NY12583,1,0,1,
US,NY,12584,,8.13,NY12584,1,0,1,
US,NY,12585,,8.13,NY12585,1,0,1,
US,NY,12586,,8.13,NY12586,1,0,1,
US,NY,12588,,8,NY12588,1,0,1,
US,NY,12589,,8.13,NY12589,1,0,1,
US,NY,12590,,8.13,NY12590,1,0,1,
US,NY,12592,,8.13,NY12592,1,0,1,
US,NY,12594,,8.13,NY12594,1,0,1,
US,NY,12601,,8.13,NY12601,1,0,1,
US,NY,12602,,8.13,NY12602,1,0,1,
US,NY,12603,,8.13,NY12603,1,0,1,
US,NY,12604,,8.13,NY12604,1,0,1,
US,NY,12701,,8,NY12701,1,0,1,
US,NY,12719,,8,NY12719,1,0,1,
US,NY,12720,,8,NY12720,1,0,1,
US,NY,12721,,8.13,NY12721,1,0,1,
US,NY,12722,,8,NY12722,1,0,1,
US,NY,12723,,8,NY12723,1,0,1,
US,NY,12724,,8,NY12724,1,0,1,
US,NY,12725,,8,NY12725,1,0,1,
US,NY,12726,,8,NY12726,1,0,1,
US,NY,12727,,8,NY12727,1,0,1,
US,NY,12729,,8.13,NY12729,1,0,1,
US,NY,12732,,8,NY12732,1,0,1,
US,NY,12733,,8,NY12733,1,0,1,
US,NY,12734,,8,NY12734,1,0,1,
US,NY,12736,,8,NY12736,1,0,1,
US,NY,12737,,8,NY12737,1,0,1,
US,NY,12738,,8,NY12738,1,0,1,
US,NY,12740,,8,NY12740,1,0,1,
US,NY,12741,,8,NY12741,1,0,1,
US,NY,12742,,8,NY12742,1,0,1,
US,NY,12743,,8,NY12743,1,0,1,
US,NY,12745,,8,NY12745,1,0,1,
US,NY,12746,,8.13,NY12746,1,0,1,
US,NY,12747,,8,NY12747,1,0,1,
US,NY,12748,,8,NY12748,1,0,1,
US,NY,12749,,8,NY12749,1,0,1,
US,NY,12750,,8,NY12750,1,0,1,
US,NY,12751,,8,NY12751,1,0,1,
US,NY,12752,,8,NY12752,1,0,1,
US,NY,12754,,8,NY12754,1,0,1,
US,NY,12758,,8,NY12758,1,0,1,
US,NY,12759,,8,NY12759,1,0,1,
US,NY,12760,,8,NY12760,1,0,1,
US,NY,12762,,8,NY12762,1,0,1,
US,NY,12763,,8,NY12763,1,0,1,
US,NY,12764,,8,NY12764,1,0,1,
US,NY,12765,,8,NY12765,1,0,1,
US,NY,12766,,8,NY12766,1,0,1,
US,NY,12767,,8,NY12767,1,0,1,
US,NY,12768,,8,NY12768,1,0,1,
US,NY,12769,,8,NY12769,1,0,1,
US,NY,12770,,8,NY12770,1,0,1,
US,NY,12771,,8.13,NY12771,1,0,1,
US,NY,12775,,8,NY12775,1,0,1,
US,NY,12776,,8,NY12776,1,0,1,
US,NY,12777,,8.13,NY12777,1,0,1,
US,NY,12778,,8,NY12778,1,0,1,
US,NY,12779,,8,NY12779,1,0,1,
US,NY,12780,,8.13,NY12780,1,0,1,
US,NY,12781,,8,NY12781,1,0,1,
US,NY,12783,,8,NY12783,1,0,1,
US,NY,12784,,8,NY12784,1,0,1,
US,NY,12785,,8.13,NY12785,1,0,1,
US,NY,12786,,8,NY12786,1,0,1,
US,NY,12787,,8,NY12787,1,0,1,
US,NY,12788,,8,NY12788,1,0,1,
US,NY,12789,,8,NY12789,1,0,1,
US,NY,12790,,8.13,NY12790,1,0,1,
US,NY,12791,,8,NY12791,1,0,1,
US,NY,12792,,8,NY12792,1,0,1,
US,NY,12801,,7,NY12801,1,0,1,
US,NY,12803,,7,NY12803,1,0,1,
US,NY,12804,,7,NY12804,1,0,1,
US,NY,12808,,7,NY12808,1,0,1,
US,NY,12809,,7,NY12809,1,0,1,
US,NY,12810,,7,NY12810,1,0,1,
US,NY,12811,,7,NY12811,1,0,1,
US,NY,12812,,8,NY12812,1,0,1,
US,NY,12814,,7,NY12814,1,0,1,
US,NY,12815,,7,NY12815,1,0,1,
US,NY,12816,,7,NY12816,1,0,1,
US,NY,12817,,7,NY12817,1,0,1,
US,NY,12819,,7,NY12819,1,0,1,
US,NY,12820,,7,NY12820,1,0,1,
US,NY,12821,,7,NY12821,1,0,1,
US,NY,12822,,7,NY12822,1,0,1,
US,NY,12823,,7,NY12823,1,0,1,
US,NY,12824,,7,NY12824,1,0,1,
US,NY,12827,,7,NY12827,1,0,1,
US,NY,12828,,7,NY12828,1,0,1,
US,NY,12831,,7,NY12831,1,0,1,
US,NY,12832,,7,NY12832,1,0,1,
US,NY,12833,,7,NY12833,1,0,1,
US,NY,12834,,7,NY12834,1,0,1,
US,NY,12835,,7,NY12835,1,0,1,
US,NY,12836,,8,NY12836,1,0,1,
US,NY,12837,,7,NY12837,1,0,1,
US,NY,12838,,7,NY12838,1,0,1,
US,NY,12839,,7,NY12839,1,0,1,
US,NY,12841,,7,NY12841,1,0,1,
US,NY,12842,,8,NY12842,1,0,1,
US,NY,12843,,7,NY12843,1,0,1,
US,NY,12844,,7,NY12844,1,0,1,
US,NY,12845,,7,NY12845,1,0,1,
US,NY,12846,,7,NY12846,1,0,1,
US,NY,12847,,8,NY12847,1,0,1,
US,NY,12848,,7,NY12848,1,0,1,
US,NY,12849,,7,NY12849,1,0,1,
US,NY,12850,,7,NY12850,1,0,1,
US,NY,12851,,8,NY12851,1,0,1,
US,NY,12852,,8,NY12852,1,0,1,
US,NY,12853,,8,NY12853,1,0,1,
US,NY,12854,,7,NY12854,1,0,1,
US,NY,12855,,8,NY12855,1,0,1,
US,NY,12856,,7,NY12856,1,0,1,
US,NY,12857,,8,NY12857,1,0,1,
US,NY,12858,,8,NY12858,1,0,1,
US,NY,12859,,7,NY12859,1,0,1,
US,NY,12860,,7,NY12860,1,0,1,
US,NY,12861,,8,NY12861,1,0,1,
US,NY,12862,,7,NY12862,1,0,1,
US,NY,12863,,7,NY12863,1,0,1,
US,NY,12864,,8,NY12864,1,0,1,
US,NY,12865,,7,NY12865,1,0,1,
US,NY,12866,,7,NY12866,1,0,1,
US,NY,12870,,8,NY12870,1,0,1,
US,NY,12871,,7,NY12871,1,0,1,
US,NY,12872,,8,NY12872,1,0,1,
US,NY,12873,,7,NY12873,1,0,1,
US,NY,12874,,7,NY12874,1,0,1,
US,NY,12878,,7,NY12878,1,0,1,
US,NY,12879,,8,NY12879,1,0,1,
US,NY,12883,,8,NY12883,1,0,1,
US,NY,12884,,7,NY12884,1,0,1,
US,NY,12885,,7,NY12885,1,0,1,
US,NY,12886,,7,NY12886,1,0,1,
US,NY,12887,,7,NY12887,1,0,1,
US,NY,12901,,8,NY12901,1,0,1,
US,NY,12903,,8,NY12903,1,0,1,
US,NY,12910,,8,NY12910,1,0,1,
US,NY,12911,,8,NY12911,1,0,1,
US,NY,12912,,8,NY12912,1,0,1,
US,NY,12913,,8,NY12913,1,0,1,
US,NY,12914,,8,NY12914,1,0,1,
US,NY,12915,,8,NY12915,1,0,1,
US,NY,12916,,8,NY12916,1,0,1,
US,NY,12917,,8,NY12917,1,0,1,
US,NY,12918,,8,NY12918,1,0,1,
US,NY,12919,,8,NY12919,1,0,1,
US,NY,12920,,8,NY12920,1,0,1,
US,NY,12921,,8,NY12921,1,0,1,
US,NY,12922,,8,NY12922,1,0,1,
US,NY,12923,,8,NY12923,1,0,1,
US,NY,12924,,8,NY12924,1,0,1,
US,NY,12926,,8,NY12926,1,0,1,
US,NY,12927,,8,NY12927,1,0,1,
US,NY,12928,,8,NY12928,1,0,1,
US,NY,12929,,8,NY12929,1,0,1,
US,NY,12930,,8,NY12930,1,0,1,
US,NY,12932,,8,NY12932,1,0,1,
US,NY,12933,,8,NY12933,1,0,1,
US,NY,12934,,8,NY12934,1,0,1,
US,NY,12935,,8,NY12935,1,0,1,
US,NY,12936,,8,NY12936,1,0,1,
US,NY,12937,,8,NY12937,1,0,1,
US,NY,12939,,8,NY12939,1,0,1,
US,NY,12941,,8,NY12941,1,0,1,
US,NY,12942,,8,NY12942,1,0,1,
US,NY,12943,,8,NY12943,1,0,1,
US,NY,12944,,8,NY12944,1,0,1,
US,NY,12945,,8,NY12945,1,0,1,
US,NY,12946,,8,NY12946,1,0,1,
US,NY,12949,,8,NY12949,1,0,1,
US,NY,12950,,8,NY12950,1,0,1,
US,NY,12952,,8,NY12952,1,0,1,
US,NY,12953,,8,NY12953,1,0,1,
US,NY,12955,,8,NY12955,1,0,1,
US,NY,12956,,8,NY12956,1,0,1,
US,NY,12957,,8,NY12957,1,0,1,
US,NY,12958,,8,NY12958,1,0,1,
US,NY,12959,,8,NY12959,1,0,1,
US,NY,12960,,8,NY12960,1,0,1,
US,NY,12961,,8,NY12961,1,0,1,
US,NY,12962,,8,NY12962,1,0,1,
US,NY,12964,,8,NY12964,1,0,1,
US,NY,12965,,8,NY12965,1,0,1,
US,NY,12966,,8,NY12966,1,0,1,
US,NY,12967,,8,NY12967,1,0,1,
US,NY,12969,,8,NY12969,1,0,1,
US,NY,12970,,8,NY12970,1,0,1,
US,NY,12972,,8,NY12972,1,0,1,
US,NY,12973,,8,NY12973,1,0,1,
US,NY,12974,,8,NY12974,1,0,1,
US,NY,12975,,8,NY12975,1,0,1,
US,NY,12976,,8,NY12976,1,0,1,
US,NY,12977,,8,NY12977,1,0,1,
US,NY,12978,,8,NY12978,1,0,1,
US,NY,12979,,8,NY12979,1,0,1,
US,NY,12980,,8,NY12980,1,0,1,
US,NY,12981,,8,NY12981,1,0,1,
US,NY,12983,,8,NY12983,1,0,1,
US,NY,12985,,8,NY12985,1,0,1,
US,NY,12986,,8,NY12986,1,0,1,
US,NY,12987,,8,NY12987,1,0,1,
US,NY,12989,,8,NY12989,1,0,1,
US,NY,12992,,8,NY12992,1,0,1,
US,NY,12993,,8,NY12993,1,0,1,
US,NY,12995,,8,NY12995,1,0,1,
US,NY,12996,,8,NY12996,1,0,1,
US,NY,12997,,8,NY12997,1,0,1,
US,NY,12998,,8,NY12998,1,0,1,
US,NY,13020,,8,NY13020,1,0,1,
US,NY,13021,,8,NY13021,1,0,1,
US,NY,13022,,8,NY13022,1,0,1,
US,NY,13024,,8,NY13024,1,0,1,
US,NY,13026,,8,NY13026,1,0,1,
US,NY,13027,,8,NY13027,1,0,1,
US,NY,13028,,8,NY13028,1,0,1,
US,NY,13029,,8,NY13029,1,0,1,
US,NY,13030,,8,NY13030,1,0,1,
US,NY,13031,,8,NY13031,1,0,1,
US,NY,13032,,8.75,NY13032,1,0,1,
US,NY,13033,,8,NY13033,1,0,1,
US,NY,13034,,8,NY13034,1,0,1,
US,NY,13035,,8,NY13035,1,0,1,
US,NY,13036,,8,NY13036,1,0,1,
US,NY,13037,,8,NY13037,1,0,1,
US,NY,13039,,8,NY13039,1,0,1,
US,NY,13040,,8,NY13040,1,0,1,
US,NY,13041,,8,NY13041,1,0,1,
US,NY,13042,,8.75,NY13042,1,0,1,
US,NY,13043,,8,NY13043,1,0,1,
US,NY,13044,,8,NY13044,1,0,1,
US,NY,13045,,8,NY13045,1,0,1,
US,NY,13051,,8,NY13051,1,0,1,
US,NY,13052,,8,NY13052,1,0,1,
US,NY,13053,,8,NY13053,1,0,1,
US,NY,13054,,8.75,NY13054,1,0,1,
US,NY,13056,,8,NY13056,1,0,1,
US,NY,13057,,8,NY13057,1,0,1,
US,NY,13060,,8,NY13060,1,0,1,
US,NY,13061,,8,NY13061,1,0,1,
US,NY,13062,,8,NY13062,1,0,1,
US,NY,13063,,8,NY13063,1,0,1,
US,NY,13064,,8,NY13064,1,0,1,
US,NY,13065,,8,NY13065,1,0,1,
US,NY,13066,,8,NY13066,1,0,1,
US,NY,13068,,8,NY13068,1,0,1,
US,NY,13069,,8,NY13069,1,0,1,
US,NY,13071,,8,NY13071,1,0,1,
US,NY,13072,,8,NY13072,1,0,1,
US,NY,13073,,8,NY13073,1,0,1,
US,NY,13074,,8,NY13074,1,0,1,
US,NY,13076,,8,NY13076,1,0,1,
US,NY,13077,,8,NY13077,1,0,1,
US,NY,13078,,8,NY13078,1,0,1,
US,NY,13080,,8,NY13080,1,0,1,
US,NY,13081,,8,NY13081,1,0,1,
US,NY,13082,,8,NY13082,1,0,1,
US,NY,13083,,8,NY13083,1,0,1,
US,NY,13084,,8,NY13084,1,0,1,
US,NY,13087,,8,NY13087,1,0,1,
US,NY,13088,,8,NY13088,1,0,1,
US,NY,13089,,8,NY13089,1,0,1,
US,NY,13090,,8,NY13090,1,0,1,
US,NY,13092,,8,NY13092,1,0,1,
US,NY,13093,,8,NY13093,1,0,1,
US,NY,13101,,8,NY13101,1,0,1,
US,NY,13102,,8,NY13102,1,0,1,
US,NY,13103,,8,NY13103,1,0,1,
US,NY,13104,,8,NY13104,1,0,1,
US,NY,13107,,8,NY13107,1,0,1,
US,NY,13108,,8,NY13108,1,0,1,
US,NY,13110,,8,NY13110,1,0,1,
US,NY,13111,,8,NY13111,1,0,1,
US,NY,13112,,8,NY13112,1,0,1,
US,NY,13113,,8,NY13113,1,0,1,
US,NY,13114,,8,NY13114,1,0,1,
US,NY,13115,,8,NY13115,1,0,1,
US,NY,13116,,8,NY13116,1,0,1,
US,NY,13117,,8,NY13117,1,0,1,
US,NY,13118,,8,NY13118,1,0,1,
US,NY,13119,,8,NY13119,1,0,1,
US,NY,13120,,8,NY13120,1,0,1,
US,NY,13121,,8,NY13121,1,0,1,
US,NY,13122,,8,NY13122,1,0,1,
US,NY,13123,,8.75,NY13123,1,0,1,
US,NY,13124,,8,NY13124,1,0,1,
US,NY,13126,,8,NY13126,1,0,1,
US,NY,13131,,8,NY13131,1,0,1,
US,NY,13132,,8,NY13132,1,0,1,
US,NY,13134,,8,NY13134,1,0,1,
US,NY,13135,,8,NY13135,1,0,1,
US,NY,13136,,8,NY13136,1,0,1,
US,NY,13137,,8,NY13137,1,0,1,
US,NY,13138,,8,NY13138,1,0,1,
US,NY,13139,,8,NY13139,1,0,1,
US,NY,13140,,8,NY13140,1,0,1,
US,NY,13141,,8,NY13141,1,0,1,
US,NY,13142,,8,NY13142,1,0,1,
US,NY,13143,,8,NY13143,1,0,1,
US,NY,13144,,8,NY13144,1,0,1,
US,NY,13145,,8,NY13145,1,0,1,
US,NY,13146,,8,NY13146,1,0,1,
US,NY,13147,,8,NY13147,1,0,1,
US,NY,13148,,8,NY13148,1,0,1,
US,NY,13152,,8,NY13152,1,0,1,
US,NY,13153,,8,NY13153,1,0,1,
US,NY,13154,,8,NY13154,1,0,1,
US,NY,13155,,8,NY13155,1,0,1,
US,NY,13156,,8,NY13156,1,0,1,
US,NY,13157,,8.75,NY13157,1,0,1,
US,NY,13158,,8,NY13158,1,0,1,
US,NY,13159,,8,NY13159,1,0,1,
US,NY,13160,,8,NY13160,1,0,1,
US,NY,13162,,8.75,NY13162,1,0,1,
US,NY,13163,,8,NY13163,1,0,1,
US,NY,13164,,8,NY13164,1,0,1,
US,NY,13165,,8,NY13165,1,0,1,
US,NY,13166,,8,NY13166,1,0,1,
US,NY,13167,,8,NY13167,1,0,1,
US,NY,13201,,8,NY13201,1,0,1,
US,NY,13202,,8,NY13202,1,0,1,
US,NY,13203,,8,NY13203,1,0,1,
US,NY,13204,,8,NY13204,1,0,1,
US,NY,13205,,8,NY13205,1,0,1,
US,NY,13206,,8,NY13206,1,0,1,
US,NY,13207,,8,NY13207,1,0,1,
US,NY,13208,,8,NY13208,1,0,1,
US,NY,13209,,8,NY13209,1,0,1,
US,NY,13210,,8,NY13210,1,0,1,
US,NY,13211,,8,NY13211,1,0,1,
US,NY,13212,,8,NY13212,1,0,1,
US,NY,13214,,8,NY13214,1,0,1,
US,NY,13215,,8,NY13215,1,0,1,
US,NY,13217,,8,NY13217,1,0,1,
US,NY,13218,,8,NY13218,1,0,1,
US,NY,13219,,8,NY13219,1,0,1,
US,NY,13220,,8,NY13220,1,0,1,
US,NY,13221,,8,NY13221,1,0,1,
US,NY,13224,,8,NY13224,1,0,1,
US,NY,13225,,8,NY13225,1,0,1,
US,NY,13235,,8,NY13235,1,0,1,
US,NY,13244,,8,NY13244,1,0,1,
US,NY,13250,,8,NY13250,1,0,1,
US,NY,13251,,8,NY13251,1,0,1,
US,NY,13252,,8,NY13252,1,0,1,
US,NY,13261,,8,NY13261,1,0,1,
US,NY,13290,,8,NY13290,1,0,1,
US,NY,13301,,8.75,NY13301,1,0,1,
US,NY,13302,,8,NY13302,1,0,1,
US,NY,13303,,8.75,NY13303,1,0,1,
US,NY,13304,,8.75,NY13304,1,0,1,
US,NY,13305,,8,NY13305,1,0,1,
US,NY,13308,,8.75,NY13308,1,0,1,
US,NY,13309,,8.75,NY13309,1,0,1,
US,NY,13310,,8,NY13310,1,0,1,
US,NY,13312,,8,NY13312,1,0,1,
US,NY,13313,,8.75,NY13313,1,0,1,
US,NY,13314,,8,NY13314,1,0,1,
US,NY,13315,,8,NY13315,1,0,1,
US,NY,13316,,8.75,NY13316,1,0,1,
US,NY,13317,,8,NY13317,1,0,1,
US,NY,13318,,8.75,NY13318,1,0,1,
US,NY,13319,,8.75,NY13319,1,0,1,
US,NY,13320,,8,NY13320,1,0,1,
US,NY,13321,,8.75,NY13321,1,0,1,
US,NY,13322,,8.75,NY13322,1,0,1,
US,NY,13323,,8.75,NY13323,1,0,1,
US,NY,13324,,8.25,NY13324,1,0,1,
US,NY,13325,,8,NY13325,1,0,1,
US,NY,13326,,8,NY13326,1,0,1,
US,NY,13327,,8,NY13327,1,0,1,
US,NY,13328,,8.75,NY13328,1,0,1,
US,NY,13329,,8.25,NY13329,1,0,1,
US,NY,13331,,8.25,NY13331,1,0,1,
US,NY,13332,,8,NY13332,1,0,1,
US,NY,13333,,8,NY13333,1,0,1,
US,NY,13334,,8,NY13334,1,0,1,
US,NY,13335,,8,NY13335,1,0,1,
US,NY,13337,,8,NY13337,1,0,1,
US,NY,13338,,8.75,NY13338,1,0,1,
US,NY,13339,,8.25,NY13339,1,0,1,
US,NY,13340,,8.75,NY13340,1,0,1,
US,NY,13341,,8.75,NY13341,1,0,1,
US,NY,13342,,8,NY13342,1,0,1,
US,NY,13343,,8,NY13343,1,0,1,
US,NY,13345,,8,NY13345,1,0,1,
US,NY,13346,,8,NY13346,1,0,1,
US,NY,13348,,8,NY13348,1,0,1,
US,NY,13350,,8.25,NY13350,1,0,1,
US,NY,13352,,8.75,NY13352,1,0,1,
US,NY,13353,,8,NY13353,1,0,1,
US,NY,13354,,8.75,NY13354,1,0,1,
US,NY,13355,,8,NY13355,1,0,1,
US,NY,13357,,8.25,NY13357,1,0,1,
US,NY,13360,,8.25,NY13360,1,0,1,
US,NY,13361,,8.25,NY13361,1,0,1,
US,NY,13362,,8.75,NY13362,1,0,1,
US,NY,13363,,8.75,NY13363,1,0,1,
US,NY,13364,,8,NY13364,1,0,1,
US,NY,13365,,8.25,NY13365,1,0,1,
US,NY,13367,,8.25,NY13367,1,0,1,
US,NY,13368,,8,NY13368,1,0,1,
US,NY,13401,,8.75,NY13401,1,0,1,
US,NY,13402,,8.75,NY13402,1,0,1,
US,NY,13403,,8.75,NY13403,1,0,1,
US,NY,13404,,8,NY13404,1,0,1,
US,NY,13406,,8.25,NY13406,1,0,1,
US,NY,13407,,8.25,NY13407,1,0,1,
US,NY,13408,,8,NY13408,1,0,1,
US,NY,13409,,8.75,NY13409,1,0,1,
US,NY,13410,,8,NY13410,1,0,1,
US,NY,13411,,8,NY13411,1,0,1,
US,NY,13413,,8.75,NY13413,1,0,1,
US,NY,13415,,8,NY13415,1,0,1,
US,NY,13416,,8.25,NY13416,1,0,1,
US,NY,13417,,8.75,NY13417,1,0,1,
US,NY,13418,,8,NY13418,1,0,1,
US,NY,13420,,8.25,NY13420,1,0,1,
US,NY,13421,,8.75,NY13421,1,0,1,
US,NY,13424,,8.75,NY13424,1,0,1,
US,NY,13425,,8.75,NY13425,1,0,1,
US,NY,13426,,8,NY13426,1,0,1,
US,NY,13428,,8,NY13428,1,0,1,
US,NY,13431,,8.75,NY13431,1,0,1,
US,NY,13433,,8,NY13433,1,0,1,
US,NY,13435,,8.75,NY13435,1,0,1,
US,NY,13436,,8,NY13436,1,0,1,
US,NY,13437,,8,NY13437,1,0,1,
US,NY,13438,,8.75,NY13438,1,0,1,
US,NY,13439,,8.25,NY13439,1,0,1,
US,NY,13440,,8.75,NY13440,1,0,1,
US,NY,13441,,8.75,NY13441,1,0,1,
US,NY,13442,,8.75,NY13442,1,0,1,
US,NY,13449,,8.75,NY13449,1,0,1,
US,NY,13450,,8,NY13450,1,0,1,
US,NY,13452,,8.25,NY13452,1,0,1,
US,NY,13454,,8.25,NY13454,1,0,1,
US,NY,13455,,8.75,NY13455,1,0,1,
US,NY,13456,,8.75,NY13456,1,0,1,
US,NY,13457,,8,NY13457,1,0,1,
US,NY,13459,,8,NY13459,1,0,1,
US,NY,13460,,8,NY13460,1,0,1,
US,NY,13461,,8.75,NY13461,1,0,1,
US,NY,13464,,8,NY13464,1,0,1,
US,NY,13465,,8,NY13465,1,0,1,
US,NY,13468,,8,NY13468,1,0,1,
US,NY,13469,,8.75,NY13469,1,0,1,
US,NY,13470,,8.25,NY13470,1,0,1,
US,NY,13471,,8.75,NY13471,1,0,1,
US,NY,13472,,8.25,NY13472,1,0,1,
US,NY,13473,,8,NY13473,1,0,1,
US,NY,13475,,8.25,NY13475,1,0,1,
US,NY,13476,,8.75,NY13476,1,0,1,
US,NY,13477,,8.75,NY13477,1,0,1,
US,NY,13478,,8.75,NY13478,1,0,1,
US,NY,13479,,8.75,NY13479,1,0,1,
US,NY,13480,,8.75,NY13480,1,0,1,
US,NY,13482,,8,NY13482,1,0,1,
US,NY,13483,,8.75,NY13483,1,0,1,
US,NY,13484,,8,NY13484,1,0,1,
US,NY,13485,,8,NY13485,1,0,1,
US,NY,13486,,8.75,NY13486,1,0,1,
US,NY,13488,,8,NY13488,1,0,1,
US,NY,13489,,8.75,NY13489,1,0,1,
US,NY,13490,,8.75,NY13490,1,0,1,
US,NY,13491,,8.75,NY13491,1,0,1,
US,NY,13492,,8.75,NY13492,1,0,1,
US,NY,13493,,8.75,NY13493,1,0,1,
US,NY,13494,,8.75,NY13494,1,0,1,
US,NY,13495,,8.75,NY13495,1,0,1,
US,NY,13501,,8.75,NY13501,1,0,1,
US,NY,13502,,8.75,NY13502,1,0,1,
US,NY,13503,,8.75,NY13503,1,0,1,
US,NY,13504,,8.75,NY13504,1,0,1,
US,NY,13505,,8.75,NY13505,1,0,1,
US,NY,13599,,8.75,NY13599,1,0,1,
US,NY,13601,,8,NY13601,1,0,1,
US,NY,13602,,8,NY13602,1,0,1,
US,NY,13603,,8,NY13603,1,0,1,
US,NY,13605,,8,NY13605,1,0,1,
US,NY,13606,,8,NY13606,1,0,1,
US,NY,13607,,8,NY13607,1,0,1,
US,NY,13608,,8,NY13608,1,0,1,
US,NY,13611,,8,NY13611,1,0,1,
US,NY,13612,,8,NY13612,1,0,1,
US,NY,13613,,8,NY13613,1,0,1,
US,NY,13614,,8,NY13614,1,0,1,
US,NY,13615,,8,NY13615,1,0,1,
US,NY,13616,,8,NY13616,1,0,1,
US,NY,13617,,8,NY13617,1,0,1,
US,NY,13618,,8,NY13618,1,0,1,
US,NY,13619,,8,NY13619,1,0,1,
US,NY,13620,,8,NY13620,1,0,1,
US,NY,13621,,8,NY13621,1,0,1,
US,NY,13622,,8,NY13622,1,0,1,
US,NY,13623,,8,NY13623,1,0,1,
US,NY,13624,,8,NY13624,1,0,1,
US,NY,13625,,8,NY13625,1,0,1,
US,NY,13626,,8,NY13626,1,0,1,
US,NY,13627,,8,NY13627,1,0,1,
US,NY,13628,,8,NY13628,1,0,1,
US,NY,13630,,8,NY13630,1,0,1,
US,NY,13631,,8,NY13631,1,0,1,
US,NY,13632,,8,NY13632,1,0,1,
US,NY,13633,,8,NY13633,1,0,1,
US,NY,13634,,8,NY13634,1,0,1,
US,NY,13635,,8,NY13635,1,0,1,
US,NY,13636,,8,NY13636,1,0,1,
US,NY,13637,,8,NY13637,1,0,1,
US,NY,13638,,8,NY13638,1,0,1,
US,NY,13639,,8,NY13639,1,0,1,
US,NY,13640,,8,NY13640,1,0,1,
US,NY,13641,,8,NY13641,1,0,1,
US,NY,13642,,8,NY13642,1,0,1,
US,NY,13643,,8,NY13643,1,0,1,
US,NY,13645,,8,NY13645,1,0,1,
US,NY,13646,,8,NY13646,1,0,1,
US,NY,13647,,8,NY13647,1,0,1,
US,NY,13648,,8,NY13648,1,0,1,
US,NY,13649,,8,NY13649,1,0,1,
US,NY,13650,,8,NY13650,1,0,1,
US,NY,13651,,8,NY13651,1,0,1,
US,NY,13652,,8,NY13652,1,0,1,
US,NY,13654,,8,NY13654,1,0,1,
US,NY,13655,,8,NY13655,1,0,1,
US,NY,13656,,8,NY13656,1,0,1,
US,NY,13657,,8,NY13657,1,0,1,
US,NY,13658,,8,NY13658,1,0,1,
US,NY,13659,,8,NY13659,1,0,1,
US,NY,13660,,8,NY13660,1,0,1,
US,NY,13661,,8,NY13661,1,0,1,
US,NY,13662,,8,NY13662,1,0,1,
US,NY,13664,,8,NY13664,1,0,1,
US,NY,13665,,8,NY13665,1,0,1,
US,NY,13666,,8,NY13666,1,0,1,
US,NY,13667,,8,NY13667,1,0,1,
US,NY,13668,,8,NY13668,1,0,1,
US,NY,13669,,8,NY13669,1,0,1,
US,NY,13670,,8,NY13670,1,0,1,
US,NY,13671,,8,NY13671,1,0,1,
US,NY,13672,,8,NY13672,1,0,1,
US,NY,13673,,8,NY13673,1,0,1,
US,NY,13674,,8,NY13674,1,0,1,
US,NY,13675,,8,NY13675,1,0,1,
US,NY,13676,,8,NY13676,1,0,1,
US,NY,13677,,8,NY13677,1,0,1,
US,NY,13678,,8,NY13678,1,0,1,
US,NY,13679,,8,NY13679,1,0,1,
US,NY,13680,,8,NY13680,1,0,1,
US,NY,13681,,8,NY13681,1,0,1,
US,NY,13682,,8,NY13682,1,0,1,
US,NY,13683,,8,NY13683,1,0,1,
US,NY,13684,,8,NY13684,1,0,1,
US,NY,13685,,8,NY13685,1,0,1,
US,NY,13687,,8,NY13687,1,0,1,
US,NY,13690,,8,NY13690,1,0,1,
US,NY,13691,,8,NY13691,1,0,1,
US,NY,13692,,8,NY13692,1,0,1,
US,NY,13693,,8,NY13693,1,0,1,
US,NY,13694,,8,NY13694,1,0,1,
US,NY,13695,,8,NY13695,1,0,1,
US,NY,13696,,8,NY13696,1,0,1,
US,NY,13697,,8,NY13697,1,0,1,
US,NY,13699,,8,NY13699,1,0,1,
US,NY,13730,,8,NY13730,1,0,1,
US,NY,13731,,8,NY13731,1,0,1,
US,NY,13732,,8,NY13732,1,0,1,
US,NY,13733,,8,NY13733,1,0,1,
US,NY,13734,,8,NY13734,1,0,1,
US,NY,13736,,8,NY13736,1,0,1,
US,NY,13737,,8,NY13737,1,0,1,
US,NY,13738,,8,NY13738,1,0,1,
US,NY,13739,,8,NY13739,1,0,1,
US,NY,13740,,8,NY13740,1,0,1,
US,NY,13743,,8,NY13743,1,0,1,
US,NY,13744,,8,NY13744,1,0,1,
US,NY,13745,,8,NY13745,1,0,1,
US,NY,13746,,8,NY13746,1,0,1,
US,NY,13747,,8,NY13747,1,0,1,
US,NY,13748,,8,NY13748,1,0,1,
US,NY,13749,,8,NY13749,1,0,1,
US,NY,13750,,8,NY13750,1,0,1,
US,NY,13751,,8,NY13751,1,0,1,
US,NY,13752,,8,NY13752,1,0,1,
US,NY,13753,,8,NY13753,1,0,1,
US,NY,13754,,8,NY13754,1,0,1,
US,NY,13755,,8,NY13755,1,0,1,
US,NY,13756,,8,NY13756,1,0,1,
US,NY,13757,,8,NY13757,1,0,1,
US,NY,13758,,8,NY13758,1,0,1,
US,NY,13760,,8,NY13760,1,0,1,
US,NY,13761,,8,NY13761,1,0,1,
US,NY,13762,,8,NY13762,1,0,1,
US,NY,13763,,8,NY13763,1,0,1,
US,NY,13774,,8,NY13774,1,0,1,
US,NY,13775,,8,NY13775,1,0,1,
US,NY,13776,,8,NY13776,1,0,1,
US,NY,13777,,8,NY13777,1,0,1,
US,NY,13778,,8,NY13778,1,0,1,
US,NY,13780,,8,NY13780,1,0,1,
US,NY,13782,,8,NY13782,1,0,1,
US,NY,13783,,8,NY13783,1,0,1,
US,NY,13784,,8,NY13784,1,0,1,
US,NY,13786,,8,NY13786,1,0,1,
US,NY,13787,,8,NY13787,1,0,1,
US,NY,13788,,8,NY13788,1,0,1,
US,NY,13790,,8,NY13790,1,0,1,
US,NY,13794,,8,NY13794,1,0,1,
US,NY,13795,,8,NY13795,1,0,1,
US,NY,13796,,8,NY13796,1,0,1,
US,NY,13797,,8,NY13797,1,0,1,
US,NY,13801,,8,NY13801,1,0,1,
US,NY,13802,,8,NY13802,1,0,1,
US,NY,13803,,8,NY13803,1,0,1,
US,NY,13804,,8,NY13804,1,0,1,
US,NY,13806,,8,NY13806,1,0,1,
US,NY,13807,,8,NY13807,1,0,1,
US,NY,13808,,8,NY13808,1,0,1,
US,NY,13809,,8,NY13809,1,0,1,
US,NY,13810,,8,NY13810,1,0,1,
US,NY,13811,,8,NY13811,1,0,1,
US,NY,13812,,8,NY13812,1,0,1,
US,NY,13813,,8,NY13813,1,0,1,
US,NY,13814,,8,NY13814,1,0,1,
US,NY,13815,,8,NY13815,1,0,1,
US,NY,13820,,8,NY13820,1,0,1,
US,NY,13825,,8,NY13825,1,0,1,
US,NY,13826,,8,NY13826,1,0,1,
US,NY,13827,,8,NY13827,1,0,1,
US,NY,13830,,8,NY13830,1,0,1,
US,NY,13832,,8,NY13832,1,0,1,
US,NY,13833,,8,NY13833,1,0,1,
US,NY,13834,,8,NY13834,1,0,1,
US,NY,13835,,8,NY13835,1,0,1,
US,NY,13838,,8,NY13838,1,0,1,
US,NY,13839,,8,NY13839,1,0,1,
US,NY,13840,,8,NY13840,1,0,1,
US,NY,13841,,8,NY13841,1,0,1,
US,NY,13842,,8,NY13842,1,0,1,
US,NY,13843,,8,NY13843,1,0,1,
US,NY,13844,,8,NY13844,1,0,1,
US,NY,13845,,8,NY13845,1,0,1,
US,NY,13846,,8,NY13846,1,0,1,
US,NY,13847,,8,NY13847,1,0,1,
US,NY,13848,,8,NY13848,1,0,1,
US,NY,13849,,8,NY13849,1,0,1,
US,NY,13850,,8,NY13850,1,0,1,
US,NY,13851,,8,NY13851,1,0,1,
US,NY,13856,,8,NY13856,1,0,1,
US,NY,13859,,8,NY13859,1,0,1,
US,NY,13860,,8,NY13860,1,0,1,
US,NY,13861,,8,NY13861,1,0,1,
US,NY,13862,,8,NY13862,1,0,1,
US,NY,13863,,8,NY13863,1,0,1,
US,NY,13864,,8,NY13864,1,0,1,
US,NY,13865,,8,NY13865,1,0,1,
US,NY,13901,,8,NY13901,1,0,1,
US,NY,13902,,8,NY13902,1,0,1,
US,NY,13903,,8,NY13903,1,0,1,
US,NY,13904,,8,NY13904,1,0,1,
US,NY,13905,,8,NY13905,1,0,1,
US,NY,14001,,8.75,NY14001,1,0,1,
US,NY,14004,,8.75,NY14004,1,0,1,
US,NY,14005,,8,NY14005,1,0,1,
US,NY,14006,,8.75,NY14006,1,0,1,
US,NY,14008,,8,NY14008,1,0,1,
US,NY,14009,,8,NY14009,1,0,1,
US,NY,14010,,8.75,NY14010,1,0,1,
US,NY,14011,,8,NY14011,1,0,1,
US,NY,14012,,8,NY14012,1,0,1,
US,NY,14013,,8.75,NY14013,1,0,1,
US,NY,14020,,8,NY14020,1,0,1,
US,NY,14021,,8,NY14021,1,0,1,
US,NY,14024,,8.5,NY14024,1,0,1,
US,NY,14025,,8.75,NY14025,1,0,1,
US,NY,14026,,8.75,NY14026,1,0,1,
US,NY,14027,,8.75,NY14027,1,0,1,
US,NY,14028,,8,NY14028,1,0,1,
US,NY,14029,,8.5,NY14029,1,0,1,
US,NY,14030,,8.75,NY14030,1,0,1,
US,NY,14031,,8.75,NY14031,1,0,1,
US,NY,14032,,8.75,NY14032,1,0,1,
US,NY,14033,,8.75,NY14033,1,0,1,
US,NY,14034,,8.75,NY14034,1,0,1,
US,NY,14035,,8.75,NY14035,1,0,1,
US,NY,14036,,8.75,NY14036,1,0,1,
US,NY,14037,,8.75,NY14037,1,0,1,
US,NY,14038,,8.75,NY14038,1,0,1,
US,NY,14039,,8,NY14039,1,0,1,
US,NY,14040,,8,NY14040,1,0,1,
US,NY,14041,,8,NY14041,1,0,1,
US,NY,14042,,8,NY14042,1,0,1,
US,NY,14043,,8.75,NY14043,1,0,1,
US,NY,14047,,8.75,NY14047,1,0,1,
US,NY,14048,,8,NY14048,1,0,1,
US,NY,14051,,8.75,NY14051,1,0,1,
US,NY,14052,,8.75,NY14052,1,0,1,
US,NY,14054,,8,NY14054,1,0,1,
US,NY,14055,,8.75,NY14055,1,0,1,
US,NY,14056,,8,NY14056,1,0,1,
US,NY,14057,,8.75,NY14057,1,0,1,
US,NY,14058,,8,NY14058,1,0,1,
US,NY,14059,,8.75,NY14059,1,0,1,
US,NY,14060,,8.5,NY14060,1,0,1,
US,NY,14061,,8.75,NY14061,1,0,1,
US,NY,14062,,8,NY14062,1,0,1,
US,NY,14063,,8,NY14063,1,0,1,
US,NY,14065,,8.5,NY14065,1,0,1,
US,NY,14066,,8,NY14066,1,0,1,
US,NY,14067,,8,NY14067,1,0,1,
US,NY,14068,,8.75,NY14068,1,0,1,
US,NY,14069,,8.75,NY14069,1,0,1,
US,NY,14070,,8.75,NY14070,1,0,1,
US,NY,14072,,8.75,NY14072,1,0,1,
US,NY,14075,,8.75,NY14075,1,0,1,
US,NY,14080,,8.75,NY14080,1,0,1,
US,NY,14081,,8.75,NY14081,1,0,1,
US,NY,14082,,8,NY14082,1,0,1,
US,NY,14083,,8,NY14083,1,0,1,
US,NY,14085,,8.75,NY14085,1,0,1,
US,NY,14086,,8.75,NY14086,1,0,1,
US,NY,14091,,8.75,NY14091,1,0,1,
US,NY,14092,,8,NY14092,1,0,1,
US,NY,14094,,8.75,NY14094,1,0,1,
US,NY,14095,,8,NY14095,1,0,1,
US,NY,14098,,8,NY14098,1,0,1,
US,NY,14101,,8,NY14101,1,0,1,
US,NY,14102,,8.75,NY14102,1,0,1,
US,NY,14103,,8,NY14103,1,0,1,
US,NY,14105,,8,NY14105,1,0,1,
US,NY,14107,,8,NY14107,1,0,1,
US,NY,14108,,8,NY14108,1,0,1,
US,NY,14109,,8,NY14109,1,0,1,
US,NY,14110,,8.75,NY14110,1,0,1,
US,NY,14111,,8.75,NY14111,1,0,1,
US,NY,14112,,8.75,NY14112,1,0,1,
US,NY,14113,,8,NY14113,1,0,1,
US,NY,14120,,8,NY14120,1,0,1,
US,NY,14125,,8,NY14125,1,0,1,
US,NY,14126,,8,NY14126,1,0,1,
US,NY,14127,,8.75,NY14127,1,0,1,
US,NY,14129,,8,NY14129,1,0,1,
US,NY,14130,,8,NY14130,1,0,1,
US,NY,14131,,8,NY14131,1,0,1,
US,NY,14132,,8,NY14132,1,0,1,
US,NY,14133,,8,NY14133,1,0,1,
US,NY,14134,,8.75,NY14134,1,0,1,
US,NY,14135,,8,NY14135,1,0,1,
US,NY,14136,,8,NY14136,1,0,1,
US,NY,14138,,8,NY14138,1,0,1,
US,NY,14139,,8.75,NY14139,1,0,1,
US,NY,14140,,8.75,NY14140,1,0,1,
US,NY,14141,,8.75,NY14141,1,0,1,
US,NY,14143,,8,NY14143,1,0,1,
US,NY,14144,,8,NY14144,1,0,1,
US,NY,14145,,8.75,NY14145,1,0,1,
US,NY,14150,,8.75,NY14150,1,0,1,
US,NY,14151,,8.75,NY14151,1,0,1,
US,NY,14166,,8,NY14166,1,0,1,
US,NY,14167,,8,NY14167,1,0,1,
US,NY,14168,,8,NY14168,1,0,1,
US,NY,14169,,8.75,NY14169,1,0,1,
US,NY,14170,,8.75,NY14170,1,0,1,
US,NY,14171,,8,NY14171,1,0,1,
US,NY,14172,,8,NY14172,1,0,1,
US,NY,14173,,8,NY14173,1,0,1,
US,NY,14174,,8,NY14174,1,0,1,
US,NY,14201,,8.75,NY14201,1,0,1,
US,NY,14202,,8.75,NY14202,1,0,1,
US,NY,14203,,8.75,NY14203,1,0,1,
US,NY,14204,,8.75,NY14204,1,0,1,
US,NY,14205,,8.75,NY14205,1,0,1,
US,NY,14206,,8.75,NY14206,1,0,1,
US,NY,14207,,8.75,NY14207,1,0,1,
US,NY,14208,,8.75,NY14208,1,0,1,
US,NY,14209,,8.75,NY14209,1,0,1,
US,NY,14210,,8.75,NY14210,1,0,1,
US,NY,14211,,8.75,NY14211,1,0,1,
US,NY,14212,,8.75,NY14212,1,0,1,
US,NY,14213,,8.75,NY14213,1,0,1,
US,NY,14214,,8.75,NY14214,1,0,1,
US,NY,14215,,8.75,NY14215,1,0,1,
US,NY,14216,,8.75,NY14216,1,0,1,
US,NY,14217,,8.75,NY14217,1,0,1,
US,NY,14218,,8.75,NY14218,1,0,1,
US,NY,14219,,8.75,NY14219,1,0,1,
US,NY,14220,,8.75,NY14220,1,0,1,
US,NY,14221,,8.75,NY14221,1,0,1,
US,NY,14222,,8.75,NY14222,1,0,1,
US,NY,14223,,8.75,NY14223,1,0,1,
US,NY,14224,,8.75,NY14224,1,0,1,
US,NY,14225,,8.75,NY14225,1,0,1,
US,NY,14226,,8.75,NY14226,1,0,1,
US,NY,14227,,8.75,NY14227,1,0,1,
US,NY,14228,,8.75,NY14228,1,0,1,
US,NY,14231,,8.75,NY14231,1,0,1,
US,NY,14233,,8.75,NY14233,1,0,1,
US,NY,14240,,8.75,NY14240,1,0,1,
US,NY,14241,,8.75,NY14241,1,0,1,
US,NY,14260,,8.75,NY14260,1,0,1,
US,NY,14261,,8.75,NY14261,1,0,1,
US,NY,14263,,8.75,NY14263,1,0,1,
US,NY,14264,,8.75,NY14264,1,0,1,
US,NY,14265,,8.75,NY14265,1,0,1,
US,NY,14267,,8.75,NY14267,1,0,1,
US,NY,14269,,8.75,NY14269,1,0,1,
US,NY,14270,,8.75,NY14270,1,0,1,
US,NY,14272,,8.75,NY14272,1,0,1,
US,NY,14273,,8.75,NY14273,1,0,1,
US,NY,14276,,8.75,NY14276,1,0,1,
US,NY,14280,,8.75,NY14280,1,0,1,
US,NY,14301,,8,NY14301,1,0,1,
US,NY,14302,,8,NY14302,1,0,1,
US,NY,14303,,8,NY14303,1,0,1,
US,NY,14304,,8,NY14304,1,0,1,
US,NY,14305,,8,NY14305,1,0,1,
US,NY,14410,,8,NY14410,1,0,1,
US,NY,14411,,8,NY14411,1,0,1,
US,NY,14413,,8,NY14413,1,0,1,
US,NY,14414,,8,NY14414,1,0,1,
US,NY,14415,,8,NY14415,1,0,1,
US,NY,14416,,8,NY14416,1,0,1,
US,NY,14418,,8,NY14418,1,0,1,
US,NY,14420,,8,NY14420,1,0,1,
US,NY,14422,,8,NY14422,1,0,1,
US,NY,14423,,8,NY14423,1,0,1,
US,NY,14424,,7.5,NY14424,1,0,1,
US,NY,14425,,8,NY14425,1,0,1,
US,NY,14427,,8,NY14427,1,0,1,
US,NY,14428,,8,NY14428,1,0,1,
US,NY,14429,,8,NY14429,1,0,1,
US,NY,14430,,8,NY14430,1,0,1,
US,NY,14432,,8,NY14432,1,0,1,
US,NY,14433,,8,NY14433,1,0,1,
US,NY,14435,,8,NY14435,1,0,1,
US,NY,14437,,8.5,NY14437,1,0,1,
US,NY,14441,,8,NY14441,1,0,1,
US,NY,14443,,7.5,NY14443,1,0,1,
US,NY,14445,,8,NY14445,1,0,1,
US,NY,14449,,8,NY14449,1,0,1,
US,NY,14450,,8,NY14450,1,0,1,
US,NY,14452,,8,NY14452,1,0,1,
US,NY,14453,,7.5,NY14453,1,0,1,
US,NY,14454,,8,NY14454,1,0,1,
US,NY,14456,,8,NY14456,1,0,1,
US,NY,14461,,7.5,NY14461,1,0,1,
US,NY,14462,,8,NY14462,1,0,1,
US,NY,14463,,7.5,NY14463,1,0,1,
US,NY,14464,,8,NY14464,1,0,1,
US,NY,14466,,8,NY14466,1,0,1,
US,NY,14467,,8,NY14467,1,0,1,
US,NY,14468,,8,NY14468,1,0,1,
US,NY,14469,,7.5,NY14469,1,0,1,
US,NY,14470,,8,NY14470,1,0,1,
US,NY,14471,,8,NY14471,1,0,1,
US,NY,14472,,8,NY14472,1,0,1,
US,NY,14475,,7.5,NY14475,1,0,1,
US,NY,14476,,8,NY14476,1,0,1,
US,NY,14477,,8,NY14477,1,0,1,
US,NY,14478,,8,NY14478,1,0,1,
US,NY,14479,,8,NY14479,1,0,1,
US,NY,14480,,8,NY14480,1,0,1,
US,NY,14481,,8,NY14481,1,0,1,
US,NY,14482,,8,NY14482,1,0,1,
US,NY,14485,,8,NY14485,1,0,1,
US,NY,14486,,8,NY14486,1,0,1,
US,NY,14487,,8,NY14487,1,0,1,
US,NY,14488,,8,NY14488,1,0,1,
US,NY,14489,,8,NY14489,1,0,1,
US,NY,14502,,8,NY14502,1,0,1,
US,NY,14504,,7.5,NY14504,1,0,1,
US,NY,14505,,8,NY14505,1,0,1,
US,NY,14506,,8,NY14506,1,0,1,
US,NY,14507,,8,NY14507,1,0,1,
US,NY,14508,,8,NY14508,1,0,1,
US,NY,14510,,8,NY14510,1,0,1,
US,NY,14511,,8,NY14511,1,0,1,
US,NY,14512,,8,NY14512,1,0,1,
US,NY,14513,,8,NY14513,1,0,1,
US,NY,14514,,8,NY14514,1,0,1,
US,NY,14515,,8,NY14515,1,0,1,
US,NY,14516,,8,NY14516,1,0,1,
US,NY,14517,,8,NY14517,1,0,1,
US,NY,14518,,7.5,NY14518,1,0,1,
US,NY,14519,,8,NY14519,1,0,1,
US,NY,14520,,8,NY14520,1,0,1,
US,NY,14521,,8,NY14521,1,0,1,
US,NY,14522,,8,NY14522,1,0,1,
US,NY,14525,,8,NY14525,1,0,1,
US,NY,14526,,8,NY14526,1,0,1,
US,NY,14527,,8,NY14527,1,0,1,
US,NY,14529,,8,NY14529,1,0,1,
US,NY,14530,,8,NY14530,1,0,1,
US,NY,14532,,8,NY14532,1,0,1,
US,NY,14533,,8,NY14533,1,0,1,
US,NY,14534,,8,NY14534,1,0,1,
US,NY,14536,,8.5,NY14536,1,0,1,
US,NY,14537,,7.5,NY14537,1,0,1,
US,NY,14538,,8,NY14538,1,0,1,
US,NY,14539,,8,NY14539,1,0,1,
US,NY,14541,,8,NY14541,1,0,1,
US,NY,14542,,8,NY14542,1,0,1,
US,NY,14543,,8,NY14543,1,0,1,
US,NY,14544,,8,NY14544,1,0,1,
US,NY,14545,,8,NY14545,1,0,1,
US,NY,14546,,8,NY14546,1,0,1,
US,NY,14547,,7.5,NY14547,1,0,1,
US,NY,14548,,7.5,NY14548,1,0,1,
US,NY,14549,,8,NY14549,1,0,1,
US,NY,14550,,8,NY14550,1,0,1,
US,NY,14551,,8,NY14551,1,0,1,
US,NY,14555,,8,NY14555,1,0,1,
US,NY,14556,,8,NY14556,1,0,1,
US,NY,14557,,8,NY14557,1,0,1,
US,NY,14558,,8,NY14558,1,0,1,
US,NY,14559,,8,NY14559,1,0,1,
US,NY,14560,,8,NY14560,1,0,1,
US,NY,14561,,8,NY14561,1,0,1,
US,NY,14563,,8,NY14563,1,0,1,
US,NY,14564,,8,NY14564,1,0,1,
US,NY,14568,,8,NY14568,1,0,1,
US,NY,14569,,8,NY14569,1,0,1,
US,NY,14571,,8,NY14571,1,0,1,
US,NY,14572,,8,NY14572,1,0,1,
US,NY,14580,,8,NY14580,1,0,1,
US,NY,14585,,7.5,NY14585,1,0,1,
US,NY,14586,,8,NY14586,1,0,1,
US,NY,14588,,8,NY14588,1,0,1,
US,NY,14589,,8,NY14589,1,0,1,
US,NY,14590,,8,NY14590,1,0,1,
US,NY,14591,,8,NY14591,1,0,1,
US,NY,14592,,8,NY14592,1,0,1,
US,NY,14602,,8,NY14602,1,0,1,
US,NY,14603,,8,NY14603,1,0,1,
US,NY,14604,,8,NY14604,1,0,1,
US,NY,14605,,8,NY14605,1,0,1,
US,NY,14606,,8,NY14606,1,0,1,
US,NY,14607,,8,NY14607,1,0,1,
US,NY,14608,,8,NY14608,1,0,1,
US,NY,14609,,8,NY14609,1,0,1,
US,NY,14610,,8,NY14610,1,0,1,
US,NY,14611,,8,NY14611,1,0,1,
US,NY,14612,,8,NY14612,1,0,1,
US,NY,14613,,8,NY14613,1,0,1,
US,NY,14614,,8,NY14614,1,0,1,
US,NY,14615,,8,NY14615,1,0,1,
US,NY,14616,,8,NY14616,1,0,1,
US,NY,14617,,8,NY14617,1,0,1,
US,NY,14618,,8,NY14618,1,0,1,
US,NY,14619,,8,NY14619,1,0,1,
US,NY,14620,,8,NY14620,1,0,1,
US,NY,14621,,8,NY14621,1,0,1,
US,NY,14622,,8,NY14622,1,0,1,
US,NY,14623,,8,NY14623,1,0,1,
US,NY,14624,,8,NY14624,1,0,1,
US,NY,14625,,8,NY14625,1,0,1,
US,NY,14626,,8,NY14626,1,0,1,
US,NY,14627,,8,NY14627,1,0,1,
US,NY,14638,,8,NY14638,1,0,1,
US,NY,14639,,8,NY14639,1,0,1,
US,NY,14642,,8,NY14642,1,0,1,
US,NY,14643,,8,NY14643,1,0,1,
US,NY,14644,,8,NY14644,1,0,1,
US,NY,14646,,8,NY14646,1,0,1,
US,NY,14647,,8,NY14647,1,0,1,
US,NY,14649,,8,NY14649,1,0,1,
US,NY,14650,,8,NY14650,1,0,1,
US,NY,14651,,8,NY14651,1,0,1,
US,NY,14652,,8,NY14652,1,0,1,
US,NY,14653,,8,NY14653,1,0,1,
US,NY,14692,,8,NY14692,1,0,1,
US,NY,14694,,8,NY14694,1,0,1,
US,NY,14701,,8,NY14701,1,0,1,
US,NY,14702,,8,NY14702,1,0,1,
US,NY,14706,,8,NY14706,1,0,1,
US,NY,14707,,8.5,NY14707,1,0,1,
US,NY,14708,,8.5,NY14708,1,0,1,
US,NY,14709,,8.5,NY14709,1,0,1,
US,NY,14710,,8,NY14710,1,0,1,
US,NY,14711,,8.5,NY14711,1,0,1,
US,NY,14712,,8,NY14712,1,0,1,
US,NY,14714,,8.5,NY14714,1,0,1,
US,NY,14715,,8.5,NY14715,1,0,1,
US,NY,14716,,8,NY14716,1,0,1,
US,NY,14717,,8.5,NY14717,1,0,1,
US,NY,14718,,8,NY14718,1,0,1,
US,NY,14719,,8,NY14719,1,0,1,
US,NY,14720,,8,NY14720,1,0,1,
US,NY,14721,,8.5,NY14721,1,0,1,
US,NY,14722,,8,NY14722,1,0,1,
US,NY,14723,,8,NY14723,1,0,1,
US,NY,14724,,8,NY14724,1,0,1,
US,NY,14726,,8,NY14726,1,0,1,
US,NY,14727,,8.5,NY14727,1,0,1,
US,NY,14728,,8,NY14728,1,0,1,
US,NY,14729,,8,NY14729,1,0,1,
US,NY,14730,,8,NY14730,1,0,1,
US,NY,14731,,8,NY14731,1,0,1,
US,NY,14732,,8,NY14732,1,0,1,
US,NY,14733,,8,NY14733,1,0,1,
US,NY,14735,,8.5,NY14735,1,0,1,
US,NY,14736,,8,NY14736,1,0,1,
US,NY,14737,,8.5,NY14737,1,0,1,
US,NY,14738,,8,NY14738,1,0,1,
US,NY,14739,,8.5,NY14739,1,0,1,
US,NY,14740,,8,NY14740,1,0,1,
US,NY,14741,,8,NY14741,1,0,1,
US,NY,14742,,8,NY14742,1,0,1,
US,NY,14743,,8,NY14743,1,0,1,
US,NY,14744,,8.5,NY14744,1,0,1,
US,NY,14745,,8.5,NY14745,1,0,1,
US,NY,14747,,8,NY14747,1,0,1,
US,NY,14748,,8,NY14748,1,0,1,
US,NY,14750,,8,NY14750,1,0,1,
US,NY,14751,,8,NY14751,1,0,1,
US,NY,14752,,8,NY14752,1,0,1,
US,NY,14753,,8,NY14753,1,0,1,
US,NY,14754,,8.5,NY14754,1,0,1,
US,NY,14755,,8,NY14755,1,0,1,
US,NY,14756,,8,NY14756,1,0,1,
US,NY,14757,,8,NY14757,1,0,1,
US,NY,14758,,8,NY14758,1,0,1,
US,NY,14760,,8,NY14760,1,0,1,
US,NY,14766,,8,NY14766,1,0,1,
US,NY,14767,,8,NY14767,1,0,1,
US,NY,14769,,8,NY14769,1,0,1,
US,NY,14770,,8.5,NY14770,1,0,1,
US,NY,14772,,8,NY14772,1,0,1,
US,NY,14774,,8.5,NY14774,1,0,1,
US,NY,14775,,8,NY14775,1,0,1,
US,NY,14777,,8.5,NY14777,1,0,1,
US,NY,14778,,8,NY14778,1,0,1,
US,NY,14779,,8,NY14779,1,0,1,
US,NY,14781,,8,NY14781,1,0,1,
US,NY,14782,,8,NY14782,1,0,1,
US,NY,14783,,8,NY14783,1,0,1,
US,NY,14784,,8,NY14784,1,0,1,
US,NY,14785,,8,NY14785,1,0,1,
US,NY,14786,,8.5,NY14786,1,0,1,
US,NY,14787,,8,NY14787,1,0,1,
US,NY,14788,,8,NY14788,1,0,1,
US,NY,14801,,8,NY14801,1,0,1,
US,NY,14802,,8.5,NY14802,1,0,1,
US,NY,14803,,8.5,NY14803,1,0,1,
US,NY,14804,,8.5,NY14804,1,0,1,
US,NY,14805,,8,NY14805,1,0,1,
US,NY,14806,,8.5,NY14806,1,0,1,
US,NY,14807,,8.5,NY14807,1,0,1,
US,NY,14808,,8,NY14808,1,0,1,
US,NY,14809,,8,NY14809,1,0,1,
US,NY,14810,,8,NY14810,1,0,1,
US,NY,14812,,8,NY14812,1,0,1,
US,NY,14813,,8.5,NY14813,1,0,1,
US,NY,14814,,8,NY14814,1,0,1,
US,NY,14815,,8,NY14815,1,0,1,
US,NY,14816,,8,NY14816,1,0,1,
US,NY,14817,,8,NY14817,1,0,1,
US,NY,14818,,8,NY14818,1,0,1,
US,NY,14819,,8,NY14819,1,0,1,
US,NY,14820,,8,NY14820,1,0,1,
US,NY,14821,,8,NY14821,1,0,1,
US,NY,14822,,8.5,NY14822,1,0,1,
US,NY,14823,,8,NY14823,1,0,1,
US,NY,14824,,8,NY14824,1,0,1,
US,NY,14825,,8,NY14825,1,0,1,
US,NY,14826,,8,NY14826,1,0,1,
US,NY,14827,,8,NY14827,1,0,1,
US,NY,14830,,8,NY14830,1,0,1,
US,NY,14831,,8,NY14831,1,0,1,
US,NY,14836,,8.5,NY14836,1,0,1,
US,NY,14837,,8,NY14837,1,0,1,
US,NY,14838,,8,NY14838,1,0,1,
US,NY,14839,,8,NY14839,1,0,1,
US,NY,14840,,8,NY14840,1,0,1,
US,NY,14841,,8,NY14841,1,0,1,
US,NY,14842,,8,NY14842,1,0,1,
US,NY,14843,,8.5,NY14843,1,0,1,
US,NY,14845,,8,NY14845,1,0,1,
US,NY,14846,,8.5,NY14846,1,0,1,
US,NY,14847,,8,NY14847,1,0,1,
US,NY,14850,,8,NY14850,1,0,1,
US,NY,14851,,8,NY14851,1,0,1,
US,NY,14852,,8,NY14852,1,0,1,
US,NY,14853,,8,NY14853,1,0,1,
US,NY,14854,,8,NY14854,1,0,1,
US,NY,14855,,8,NY14855,1,0,1,
US,NY,14856,,8,NY14856,1,0,1,
US,NY,14857,,8,NY14857,1,0,1,
US,NY,14858,,8,NY14858,1,0,1,
US,NY,14859,,8,NY14859,1,0,1,
US,NY,14860,,8,NY14860,1,0,1,
US,NY,14861,,8,NY14861,1,0,1,
US,NY,14863,,8,NY14863,1,0,1,
US,NY,14864,,8,NY14864,1,0,1,
US,NY,14865,,8,NY14865,1,0,1,
US,NY,14867,,8,NY14867,1,0,1,
US,NY,14869,,8,NY14869,1,0,1,
US,NY,14870,,8,NY14870,1,0,1,
US,NY,14871,,8,NY14871,1,0,1,
US,NY,14872,,8,NY14872,1,0,1,
US,NY,14873,,8,NY14873,1,0,1,
US,NY,14874,,8,NY14874,1,0,1,
US,NY,14876,,8,NY14876,1,0,1,
US,NY,14877,,8.5,NY14877,1,0,1,
US,NY,14878,,8,NY14878,1,0,1,
US,NY,14879,,8,NY14879,1,0,1,
US,NY,14880,,8.5,NY14880,1,0,1,
US,NY,14881,,8,NY14881,1,0,1,
US,NY,14882,,8,NY14882,1,0,1,
US,NY,14883,,8,NY14883,1,0,1,
US,NY,14884,,8.5,NY14884,1,0,1,
US,NY,14885,,8,NY14885,1,0,1,
US,NY,14886,,8,NY14886,1,0,1,
US,NY,14887,,8,NY14887,1,0,1,
US,NY,14889,,8,NY14889,1,0,1,
US,NY,14891,,8,NY14891,1,0,1,
US,NY,14892,,8,NY14892,1,0,1,
US,NY,14893,,8,NY14893,1,0,1,
US,NY,14894,,8,NY14894,1,0,1,
US,NY,14895,,8.5,NY14895,1,0,1,
US,NY,14897,,8.5,NY14897,1,0,1,
US,NY,14898,,8,NY14898,1,0,1,
US,NY,14901,,8,NY14901,1,0,1,
US,NY,14902,,8,NY14902,1,0,1,
US,NY,14903,,8,NY14903,1,0,1,
US,NY,14904,,8,NY14904,1,0,1,
US,NY,14905,,8,NY14905,1,0,1,